The Broken Road;Rolling Stones;399;Rock, Blues Rock;13/09/1974
Midnight Echo of Shadows;Rolling Stones;202;Rock;25/03/2011
Lonely Stars;Rolling Stones;284;Blues Rock;22/11/1974
The Sweet Sound;Rolling Stones;389;Rock;13/08/1962
Lost River of Night;Rolling Stones;257;Rock, Blues Rock;02/01/1978
Broken Sound;Rolling Stones;270;Blues Rock;01/06/2007
The Old Stars;Rolling Stones;212;Rock;06/05/2011
Silent Journey;Rolling Stones;400;Blues Rock;12/02/2019
Sweet River;Rolling Stones;346;Rock;22/09/1999
Dancing Dream of Night;Coldplay;402;Alternative, Rock;18/02/2008
The New Lights;Coldplay;423;Alternative;28/08/1992
Golden Fire;Coldplay;440;Rock;14/04/1993
The Midnight Dream;Coldplay;255;Alternative;29/12/1984
Lost Road;Coldplay;242;Rock;05/07/2007
The Singing Stars;Coldplay;339;Alternative, Rock;24/02/1975
Chasing the River;Coldplay;300;Alternative;22/05/1985
Golden Song of Day;Coldplay;271;Rock;09/06/2006
Silent Road;Coldplay;291;Alternative;07/07/2005
Midnight Journey of Shadows;Adele;404;Pop, Soul;22/04/1991
The Sweet Soul;Adele;280;Pop;18/10/1970
Lonely Heart;Adele;282;Soul;15/09/1997
The Lost Dream;Adele;475;Pop;08/01/1973
Falling Stars;Adele;410;Soul;04/02/1974
The Silent Sound;Adele;315;Pop, Soul;23/07/1962
Whispering Echo;Adele;220;Soul;28/12/1998
Sweet Fire;Adele;360;Pop;23/06/2020
Broken Dream of Sky;Adele;233;Soul;24/02/1967
The Midnight Sky;The Weeknd;470;R&B, Electronic;05/03/2012
Sweet Echo of Night;The Weeknd;301;Pop, R&B;24/12/1980
Bright Heart;The Weeknd;442;Electronic;08/05/1963
The Lost Soul;The Weeknd;228;R&B;06/05/1999
Lonely Dream;The Weeknd;395;Pop;28/04/1980
Whispering Road;The Weeknd;400;Electronic;07/05/1996
Electric Heart;The Weeknd;308;R&B;04/02/1980
The Dancing Echo;The Weeknd;418;Pop;30/06/1994
Burning Stars;The Weeknd;339;Electronic;21/06/1964
The Golden Echo;Metallica;434;Metal, Thrash Metal;12/10/1998
Midnight Fire;Metallica;261;Metal;28/10/1992
Lonely Dream of River;Metallica;326;Thrash Metal;10/04/2001
The Silent Sound;Metallica;256;Metal;31/03/2018
Broken Heart;Metallica;466;Thrash Metal;19/06/1960
The Lost Road;Metallica;451;Metal;17/10/1965
Wild Fire;Metallica;418;Thrash Metal;24/07/1998
Burning Dream;Metallica;316;Metal;09/12/2000
Dark Heart of Sound;Metallica;377;Thrash Metal;09/07/1985
Lost Echo;Metallica;356;Metal;25/11/2006
The Chasing Sky;Linkin Park;266;Alternative, Nu Metal;04/08/1984
Whispering Shadows;Linkin Park;276;Nu Metal;13/09/1970
Lonely Echo;Linkin Park;294;Alternative;25/08/1997
The Midnight Road;Linkin Park;316;Nu Metal;16/12/1996
Broken Dream;Linkin Park;209;Alternative;16/09/1968
Wild Heart;Linkin Park;265;Nu Metal;03/06/2014
The Dancing Dream;Linkin Park;256;Alternative, Nu Metal;22/10/2004
Bright Stars of Sky;Linkin Park;301;Nu Metal;27/10/1975
Burning Echo;Linkin Park;477;Alternative;11/02/2010
The Midnight River;Daft Punk;425;Electronic, House;22/07/2002
Electric Sound;Daft Punk;276;House, Disco;08/09/1962
Golden Fire;Daft Punk;326;Electronic;21/08/2016
The Silent Night;Daft Punk;205;House;21/12/2016
Lost Dream of Sound;Daft Punk;388;Electronic, Disco;10/07/1980
Dancing Lights;Daft Punk;231;House;20/06/1999
Bright Sky;Daft Punk;407;Electronic;29/11/1983
The Sweet Sound;Daft Punk;257;House;19/06/1995
Midnight Stars;Daft Punk;299;Electronic, Disco;16/04/1998
Broken Heart;Daft Punk;373;House;30/03/1977
The Golden Dream;Rosalía;402;Flamenco Pop, R&B;18/10/1997
Dancing Stars;Rosalía;464;R&B;28/01/1965
Wild Heart;Rosalía;470;Flamenco Pop;12/06/1960
The Silent Echo;Rosalía;307;R&B;15/02/1986
Lost Fire;Rosalía;383;Flamenco Pop, R&B;12/03/1976
Midnight City;Rosalía;223;R&B;02/08/2003
Lonely Road;Rosalía;302;Flamenco Pop;29/06/1987
The Singing Heart;Rosalía;266;R&B;07/11/2024
Bright Stars;Rosalía;328;Flamenco Pop;02/03/2005
Broken Echo of Sky;Rosalía;202;R&B;18/11/1966
The Midnight Road;Guns N' Roses;327;Hard Rock;11/04/2020
Golden Fire;Guns N' Roses;320;Hard Rock, Glam Metal;16/04/1985
Wild Heart;Guns N' Roses;397;Glam Metal;25/11/1961
The Lost Sound;Guns N' Roses;422;Hard Rock;14/04/2024
Whispering Stars;Guns N' Roses;269;Glam Metal;26/07/1995
Lonely Echo;Guns N' Roses;301;Hard Rock;20/09/1970
Burning Dream;Guns N' Roses;355;Glam Metal;22/06/2024
The Sweet Echo;Guns N' Roses;363;Hard Rock;28/06/1994
Bright Dream;Guns N' Roses;235;Glam Metal;26/09/1987
The Silent Road;Billie Eilish;240;Pop, Alternative;16/02/1966
Lost Fire;Billie Eilish;263;Alternative;08/12/1998
Midnight Heart;Billie Eilish;463;Pop;02/10/2019
Whispering River;Billie Eilish;352;Alternative;23/10/2001
Lonely Echo of Shadow;Billie Eilish;220;Pop;08/11/1970
Broken Lights;Billie Eilish;473;Alternative;11/02/1981
The Sweet Sky;Billie Eilish;370;Pop;10/08/1983
Dark Dream;Billie Eilish;443;Alternative;31/10/2017
Bright Night;Billie Eilish;388;Pop, Alternative;09/01/1970
The Wild Sound;Lil Nas X;355;Hip Hop, Country Rap;11/06/1970
Midnight Heart;Lil Nas X;269;Country Rap;05/06/1972
Lonely Dream;Lil Nas X;348;Hip Hop;05/11/1963
The Lost Sky;Lil Nas X;417;Country Rap;23/08/2024
Burning Lights;Lil Nas X;253;Hip Hop;29/07/1974
Sweet River;Lil Nas X;203;Country Rap;24/03/1983
The Old Sky;Lil Nas X;391;Hip Hop;22/03/1988
Dancing Stars;Lil Nas X;320;Country Rap;20/08/2000
The Bright Sky;Lil Nas X;230;Hip Hop;18/01/1984
Golden Echo of Love;Lil Nas X;462;Country Rap;07/10/2000
The Sweet Sound;Harry Styles;430;Pop, Rock;21/05/1973
Silent Night;Harry Styles;262;Pop;14/12/2017
Lonely Heart of Sky;Harry Styles;308;Rock;12/05/2002
The Lost River;Harry Styles;285;Pop;29/09/1973
Bright Lights;Harry Styles;290;Rock;30/03/2001
Whispering Echo;Harry Styles;393;Pop;05/12/2000
Burning Stars;Harry Styles;274;Rock;25/03/2024
The Old Road;Harry Styles;297;Pop;02/06/2019
Golden Dream;Harry Styles;465;Rock;22/01/1980
Midnight Sky of Night;Harry Styles;240;Pop;11/02/1989
The Electric Heart;The Beatles;238;Pop, Classic Rock;01/11/2001
Golden Dream;The Beatles;294;Classic Rock, Pop;31/01/2016
Whispering Stars;The Beatles;314;Pop;02/01/2023
The Sweet River;The Beatles;391;Classic Rock;20/09/2017
Lonely Road;The Beatles;425;Pop;15/05/2006
Broken Dream;The Beatles;222;Classic Rock;05/05/1974
The Old Sound;The Beatles;323;Pop;17/09/1988
Dancing Lights;The Beatles;470;Classic Rock;02/12/1980
Bright Sky;The Beatles;254;Pop, Classic Rock;17/08/2019
Midnight Echo of Sky;The Beatles;211;Classic Rock;30/11/1988
The Lost River;Skank;363;Brazilian Pop, Reggae;23/08/1965
Dancing Dream;Skank;338;Brazilian Pop;25/12/1962
Golden Stars;Skank;333;Reggae, Rock;03/08/2008
The Silent Night;Skank;425;Brazilian Pop;09/09/1994
Lonely Sound;Skank;234;Reggae;04/11/1962
Broken Heart of Sky;Skank;248;Brazilian Pop;06/12/1976
Wild Fire;Skank;262;Reggae;26/03/2016
The Sweet Dream;Skank;350;Brazilian Pop, Rock;24/10/1966
Bright Road;Skank;230;Reggae;02/04/1995
Midnight City of Night;Skank;293;Brazilian Pop;10/07/2007
The Bright Sky;Maroon 5;210;Pop, Funk Rock;13/11/1976
Golden Fire;Maroon 5;302;Funk Rock;25/04/2000
Midnight Road;Maroon 5;340;Pop;08/09/1983
The Dancing Lights;Maroon 5;203;Funk Rock;13/10/1964
Lost River of Shadow;Maroon 5;246;Pop;11/12/2017
Silent Sound;Maroon 5;322;Funk Rock;23/01/2002
Whispering Dream;Maroon 5;435;Pop;14/04/1964
Broken Sky;Maroon 5;431;Funk Rock;05/02/1996
The New Dream;Maroon 5;338;Pop;16/01/2014
Burning Heart;Maroon 5;362;Funk Rock;20/03/1990
The Old Song;Taylor Swift;226;Pop, Country;15/12/1994
Lonely Heart;Taylor Swift;278;Country;24/12/1974
Silent Stars;Taylor Swift;339;Pop;22/12/1964
The Bright Sky;Taylor Swift;433;Country;12/06/1997
Lost River of Night;Taylor Swift;241;Pop;28/08/2008
Whispering Echo;Taylor Swift;347;Country;13/12/1974
Sweet Dream;Taylor Swift;452;Pop;12/03/1967
Broken Road;Taylor Swift;398;Country;18/08/1977
The Burning Stars;Taylor Swift;306;Pop, Country;21/12/1967
Golden Night of Sound;Taylor Swift;260;Country;12/05/2022
The Wild Dream;Kendrick Lamar;341;Hip Hop, Rap;16/01/1991
Midnight Sky;Kendrick Lamar;265;Rap;09/08/1964
Lonely Lights;Kendrick Lamar;392;Hip Hop;12/01/2006
The Lost Road;Kendrick Lamar;460;Rap;01/10/1973
Burning Fire;Kendrick Lamar;327;Hip Hop;18/02/1960
Sweet River;Kendrick Lamar;213;Rap;24/12/1967
The Silent Sound;Kendrick Lamar;405;Hip Hop;22/02/1992
Dark Echo;Kendrick Lamar;346;Rap;17/06/1986
Bright Night;Kendrick Lamar;300;Hip Hop;05/10/1999
Golden Heart of Sky;Kendrick Lamar;206;Rap;29/08/1973
The Electric Dream;J Balvin;346;Reggaeton, Latin Pop;19/09/1973
Golden River;J Balvin;383;Latin Pop;24/02/1970
Lonely Road;J Balvin;289;Reggaeton;31/08/1991
The Lost Echo;J Balvin;215;Latin Pop;02/12/2021
Whispering Stars;J Balvin;415;Reggaeton;25/05/2002
Sweet Sound;J Balvin;237;Latin Pop;09/07/1989
Broken Sky;J Balvin;220;Reggaeton;18/10/2016
The New Stars;J Balvin;298;Latin Pop;31/10/2005
Bright Night;J Balvin;443;Reggaeton;22/04/1991
Burning Heart of Night;J Balvin;300;Latin Pop;08/05/2008
The Sweet Sound;Beyoncé;211;R&B, Pop;19/05/1998
Midnight City;Beyoncé;294;Pop;18/07/1986
Lonely Heart;Beyoncé;465;Soul;06/12/1971
The Lost Dream;Beyoncé;374;R&B;05/06/1965
Burning Stars;Beyoncé;310;Pop;04/08/1980
Whispering Echo;Beyoncé;479;Soul;09/09/2021
Bright Sky;Beyoncé;305;R&B;12/08/1989
The Dancing Echo;Beyoncé;245;Pop;18/07/2003
Golden Fire;Beyoncé;234;Soul;13/10/2009
Broken Road;Beyoncé;290;R&B, Pop;25/02/1967
The Wild Sky;Red Hot Chili Peppers;296;Funk Rock, Alternative;27/06/2003
Midnight Dream;Red Hot Chili Peppers;230;Alternative;01/02/1967
Lonely Lights;Red Hot Chili Peppers;357;Funk Rock;27/12/1981
The Lost River;Red Hot Chili Peppers;206;Alternative;17/04/1988
Burning Fire;Red Hot Chili Peppers;271;Funk Rock;16/11/1974
Sweet Sound;Red Hot Chili Peppers;316;Alternative;27/08/2012
The Silent Road;Red Hot Chili Peppers;452;Funk Rock;14/07/2019
Dark Echo;Red Hot Chili Peppers;448;Alternative;17/10/2002
Bright Night;Red Hot Chili Peppers;388;Funk Rock, Alternative;16/10/2015
Golden Heart of Sound;Red Hot Chili Peppers;364;Alternative;28/06/1972
The Golden Night;Olivia Rodrigo;249;Pop, Alternative;10/06/2002
Whispering Dream;Olivia Rodrigo;466;Alternative;10/06/1992
Lonely Stars;Olivia Rodrigo;331;Pop;04/07/2013
The Silent Road;Olivia Rodrigo;478;Alternative;01/03/2003
Lost Fire;Olivia Rodrigo;208;Pop;20/11/1982
Midnight Echo;Olivia Rodrigo;267;Alternative;23/01/1986
Sweet River;Olivia Rodrigo;204;Pop;25/06/1989
Broken Sound;Olivia Rodrigo;295;Alternative;16/11/2015
The Bright Sky;Olivia Rodrigo;354;Pop, Alternative;26/02/1996
Burning Road;Olivia Rodrigo;441;Alternative;18/05/2018
The Wild Dream;Caetano Veloso;280;MPB, Tropicalia;03/03/2020
Midnight Sky;Caetano Veloso;346;Tropicalia;13/07/1996
Lonely Lights;Caetano Veloso;331;MPB;12/04/1975
The Lost Road;Caetano Veloso;308;Tropicalia;17/09/2010
Burning Fire;Caetano Veloso;351;MPB;05/11/1990
Sweet River;Caetano Veloso;402;Tropicalia;24/07/1990
The Silent Sound;Caetano Veloso;458;MPB;14/07/1973
Dark Echo;Caetano Veloso;306;Tropicalia;24/06/2016
Bright Night;Caetano Veloso;415;MPB, Tropicalia;24/07/1960
Golden Heart of Sound;Caetano Veloso;370;Tropicalia;29/09/2011
The Bright Night;Sia;220;Pop, Electronic;02/02/2020
Golden Dream;Sia;383;Electronic;28/02/2008
Midnight Stars;Sia;267;Pop;21/01/1993
The Dancing Lights;Sia;315;Electronic;14/11/2020
Lost River of Night;Sia;340;Pop;12/05/2007
Silent Sound;Sia;372;Electronic;01/05/1995
Whispering Echo;Sia;413;Pop;06/10/2021
Broken Sky;Sia;295;Electronic;02/04/2009
The New Dream;Sia;407;Pop;26/08/1979
Burning Heart;Sia;274;Electronic;25/07/1980
The Burning Road;Drake;401;Hip Hop, Trap;22/01/1997
Midnight Dream;Drake;327;R&B;28/02/1969
Lonely Heart;Drake;345;Hip Hop;24/10/2018
The Lost Sky;Drake;253;R&B;21/09/2014
Dancing Lights;Drake;435;Hip Hop;06/06/1990
Sweet River;Drake;398;Trap;03/05/2012
The Old Sound;Drake;314;Hip Hop, R&B;27/05/1978
Dark Echo;Drake;266;Trap;26/03/1974
Bright Night;Drake;271;Hip Hop;26/10/2013
Golden Dream of Sky;Drake;396;R&B;12/06/1962
The Wild Dream;Avicii;415;EDM, House;22/12/1983
Midnight Sky;Avicii;434;House;25/12/1966
Lonely Lights;Avicii;327;EDM;23/11/2000
The Lost Road;Avicii;224;House;23/09/1972
Burning Fire;Avicii;259;EDM;11/04/1965
Sweet River;Avicii;301;House;11/07/1962
The Silent Sound;Avicii;365;EDM;28/10/1970
Dark Echo;Avicii;400;House;14/06/1966
Bright Night;Avicii;333;EDM, House;17/04/1989
Golden Heart of Sound;Avicii;372;House;07/01/1992
The Silent River;Roberto Carlos;319;MPB, Brazilian Pop;07/08/2001
Lonely Heart;Roberto Carlos;265;Brazilian Pop;03/03/2005
Whispering Dream;Roberto Carlos;465;MPB;07/03/2000
The Lost Sound;Roberto Carlos;356;Brazilian Pop;16/12/2005
Burning Stars;Roberto Carlos;220;MPB;21/03/1963
Sweet Sky;Roberto Carlos;250;Brazilian Pop;04/03/1984
The New Road;Roberto Carlos;200;MPB, Brazilian Pop;02/08/2015
Golden Fire;Roberto Carlos;280;Brazilian Pop;22/07/1967
Bright Dream of Night;Roberto Carlos;400;MPB;02/10/1981
Midnight Echo of Sky;Roberto Carlos;305;Brazilian Pop;11/01/1992
The Electric Heart;Beyoncé;290;R&B, Soul;12/04/1979
Golden River;Beyoncé;310;Pop;01/02/2004
Lonely Road;Beyoncé;350;R&B;18/02/1992
The Lost Echo;Beyoncé;275;Soul;17/03/1980
Whispering Stars;Beyoncé;380;Pop;14/04/2013
Sweet Sound;Beyoncé;220;R&B;19/11/1977
Broken Sky;Beyoncé;330;Soul;10/01/2014
The New Stars;Beyoncé;400;Pop;01/09/1960
Bright Night;Beyoncé;260;R&B, Soul;19/07/1965
Burning Heart of Night;Beyoncé;300;Pop;02/10/1975
The Lonely Stars;Red Hot Chili Peppers;294;Funk Rock, Alternative;20/04/1969
Sweet River;Red Hot Chili Peppers;363;Alternative;29/01/2020
The Old Sound;Red Hot Chili Peppers;228;Funk Rock;19/08/1997
Bright Sky;Red Hot Chili Peppers;478;Alternative;23/10/2004
Lost Road of Shadow;Red Hot Chili Peppers;307;Funk Rock;30/09/1988
Silent Dream;Red Hot Chili Peppers;288;Alternative;16/05/1996
Whispering Heart;Red Hot Chili Peppers;301;Funk Rock;20/05/1976
Broken Fire;Red Hot Chili Peppers;351;Alternative;04/05/2017
The New Sound;Red Hot Chili Peppers;233;Funk Rock, Alternative;10/02/1995
Burning Stars of Night;Red Hot Chili Peppers;443;Alternative;05/10/1993
The Wild Dream;Coldplay;300;Alternative, Rock;29/11/1965
Midnight Sky;Coldplay;240;Rock;19/01/1991
Lonely Lights;Coldplay;380;Alternative;26/06/1997
The Lost Road;Coldplay;450;Rock;25/06/1995
Burning Fire;Coldplay;310;Alternative;15/10/1965
Sweet River;Coldplay;200;Rock;15/09/2010
The Silent Sound;Coldplay;400;Alternative;29/01/2005
Dark Echo;Coldplay;350;Rock;25/04/1980
Bright Night;Coldplay;290;Alternative, Rock;10/03/1987
Golden Heart of Sound;Coldplay;370;Rock;18/01/2007
The Electric Heart;The Weeknd;450;R&B, Pop;30/04/1962
Golden River;The Weeknd;300;Electronic;28/09/1994
Lonely Road;The Weeknd;360;Pop;29/10/1961
The Lost Echo;The Weeknd;280;R&B;06/08/1997
Whispering Stars;The Weeknd;400;Electronic;14/11/1993
Sweet Sound;The Weeknd;230;Pop;14/01/2023
Broken Sky;The Weeknd;340;R&B;25/01/1975
The New Stars;The Weeknd;390;Electronic;19/04/1997
Bright Night;The Weeknd;270;Pop;23/08/1999
Burning Heart of Night;The Weeknd;310;R&B, Electronic;23/12/1998
The Golden Dream;Olivia Rodrigo;280;Pop, Alternative;27/11/2000
Dancing Stars;Olivia Rodrigo;330;Alternative;05/05/1994
Wild Heart;Olivia Rodrigo;390;Pop;18/10/1980
The Silent Echo;Olivia Rodrigo;240;Alternative;11/11/1988
Lost Fire;Olivia Rodrigo;310;Pop;12/03/1980
Midnight City;Olivia Rodrigo;200;Alternative;25/02/2000
Lonely Road;Olivia Rodrigo;320;Pop;23/04/1992
The Singing Heart;Olivia Rodrigo;270;Alternative;19/09/1967
Bright Stars;Olivia Rodrigo;350;Pop, Alternative;17/02/1993
Broken Echo of Sky;Olivia Rodrigo;210;Alternative;23/01/1967
The Midnight Road;Taylor Swift;340;Pop, Country;23/01/1997
Golden Fire;Taylor Swift;300;Country;27/03/2018
Wild Heart;Taylor Swift;380;Pop;11/06/2000
The Lost Sound;Taylor Swift;410;Country;28/01/2014
Whispering Stars;Taylor Swift;250;Pop;07/11/2017
Lonely Echo;Taylor Swift;310;Country;01/03/2017
Burning Dream;Taylor Swift;360;Pop;17/05/2001
The Sweet Echo;Taylor Swift;370;Country;01/08/1971
Bright Dream;Taylor Swift;240;Pop, Country;21/01/1993
The Silent Road;Taylor Swift;280;Country;31/07/2005
The Bright Night;Harry Styles;250;Pop, Rock;07/01/1961
Golden Dream;Harry Styles;400;Rock;05/12/1998
Midnight Stars;Harry Styles;300;Pop;29/09/1997
The Dancing Lights;Harry Styles;350;Rock;17/11/1965
Lost River of Night;Harry Styles;320;Pop;06/06/1983
Silent Sound;Harry Styles;380;Rock;30/08/1985
Whispering Echo;Harry Styles;420;Pop;04/02/1988
Broken Sky;Harry Styles;300;Rock;07/07/2010
The New Dream;Harry Styles;410;Pop;26/10/1999
Burning Heart;Harry Styles;280;Rock;25/12/1977
The Wild Sound;Skank;380;Brazilian Pop, Rock;27/06/1990
Midnight Heart;Skank;250;Brazilian Pop;27/01/1973
Lonely Dream;Skank;330;Reggae;08/02/1998
The Lost Sky;Skank;400;Rock;11/08/2021
Burning Lights;Skank;270;Brazilian Pop;02/02/1981
Sweet River;Skank;220;Reggae;01/09/1983
The Old Sky;Skank;350;Rock;05/08/1990
Dancing Stars;Skank;300;Brazilian Pop;07/05/2017
The Bright Sky;Skank;240;Reggae, Rock;17/03/1983
Golden Echo of Love;Skank;470;Brazilian Pop;27/05/1988
The Sweet Sound;Rosalía;220;Flamenco Pop, R&B;18/04/1979
Silent Night;Rosalía;270;R&B;10/10/1990
Lonely Heart of Sky;Rosalía;320;Flamenco Pop;01/12/2020
The Lost River;Rosalía;290;R&B;06/06/1970
Bright Lights;Rosalía;300;Flamenco Pop;03/04/1974
Whispering Echo;Rosalía;400;R&B;17/05/2024
Burning Stars;Rosalía;280;Flamenco Pop;13/06/1964
The Old Road;Rosalía;300;R&B;10/03/1968
Golden Dream;Rosalía;470;Flamenco Pop, R&B;31/03/1971
Midnight Sky of Night;Rosalía;250;R&B;26/06/1987
The Electric Dream;Maroon 5;350;Pop, Funk Rock;30/05/1990
Golden River;Maroon 5;390;Funk Rock;02/10/1961
Lonely Road;Maroon 5;290;Pop;23/10/1989
The Lost Echo;Maroon 5;220;Funk Rock;08/12/1983
Whispering Stars;Maroon 5;420;Pop;16/08/1977
Sweet Sound;Maroon 5;240;Funk Rock;30/11/1963
Broken Sky;Maroon 5;230;Pop;01/09/1994
The New Stars;Maroon 5;300;Funk Rock;04/01/1993
Bright Night;Maroon 5;450;Pop, Funk Rock;08/08/1964
Burning Heart of Night;Maroon 5;310;Funk Rock;24/07/1964
The Midnight Road;Roberto Carlos;330;MPB, Brazilian Pop;28/05/2006
Golden Fire;Roberto Carlos;310;Brazilian Pop;12/01/2004
Wild Heart;Roberto Carlos;370;MPB;28/10/1971
The Lost Sound;Roberto Carlos;400;Brazilian Pop;22/02/2010
Whispering Stars;Roberto Carlos;260;MPB;24/09/2007
Lonely Echo;Roberto Carlos;300;Brazilian Pop;02/02/1968
Burning Dream;Roberto Carlos;350;MPB, Brazilian Pop;07/10/1991
The Sweet Echo;Roberto Carlos;360;Brazilian Pop;20/03/2021
Bright Dream;Roberto Carlos;240;MPB;07/07/1987
The Silent Road;Roberto Carlos;290;Brazilian Pop;09/10/1986
The Wild Dream;Billie Eilish;290;Pop, Alternative;18/08/2023
Midnight Sky;Billie Eilish;230;Alternative;13/05/2017
Lonely Lights;Billie Eilish;340;Pop;26/02/1974
The Lost Road;Billie Eilish;410;Alternative;24/05/1968
Burning Fire;Billie Eilish;280;Pop;02/03/1980
Sweet River;Billie Eilish;200;Alternative;28/01/1961
The Silent Sound;Billie Eilish;390;Pop;14/02/1980
Dark Echo;Billie Eilish;330;Alternative;08/01/1966
Bright Night;Billie Eilish;290;Pop, Alternative;26/12/2006
Golden Heart of Sound;Billie Eilish;360;Alternative;07/07/2005
The Electric Heart;Rihanna;250;R&B, Dance;10/01/1996
Golden River;Rihanna;300;Pop;25/09/2010
Lonely Road;Rihanna;340;Dance;07/03/2011
The Lost Echo;Rihanna;260;R&B;03/11/1982
Whispering Stars;Rihanna;390;Pop;22/03/1980
Sweet Sound;Rihanna;210;Dance;12/09/2018
Broken Sky;Rihanna;320;R&B;14/09/1999
The New Stars;Rihanna;370;Pop;07/10/1963
Bright Night;Rihanna;250;Dance;15/07/1992
Burning Heart of Night;Rihanna;290;R&B, Pop;27/11/2013
The Golden Night;Lady Gaga;260;Pop, Dance;11/04/1987
Whispering Dream;Lady Gaga;470;Dance;05/06/2017
Lonely Stars;Lady Gaga;340;Pop;12/06/1991
The Silent Road;Lady Gaga;460;Dance;07/07/2014
Lost Fire;Lady Gaga;210;Pop;25/06/1992
Midnight Echo;Lady Gaga;270;Dance;07/04/2014
Sweet River;Lady Gaga;200;Pop;22/08/1995
Broken Sound;Lady Gaga;300;Dance;31/12/2014
The Bright Sky;Lady Gaga;360;Pop, Dance;30/10/2010
Burning Road;Lady Gaga;450;Dance;02/08/2001
The Wild Sound;Twenty One Pilots;300;Alternative, Pop;28/10/2024
Midnight Heart;Twenty One Pilots;250;Pop;07/09/1994
Lonely Dream;Twenty One Pilots;350;Alternative;17/07/1972
The Lost Sky;Twenty One Pilots;420;Pop;07/05/2023
Burning Lights;Twenty One Pilots;280;Alternative;14/10/2012
Sweet River;Twenty One Pilots;210;Pop;23/07/1997
The Old Sky;Twenty One Pilots;360;Alternative;29/11/1998
Dancing Stars;Twenty One Pilots;310;Pop;23/06/2003
The Bright Sky;Twenty One Pilots;250;Alternative, Pop;07/09/1987
Golden Echo of Love;Twenty One Pilots;460;Pop;15/08/1985
The Sweet Sound;Bruno Mars;230;Funk, Pop;11/10/1960
Silent Night;Bruno Mars;280;R&B;12/05/1973
Lonely Heart of Sky;Bruno Mars;330;Pop;17/10/2004
The Lost River;Bruno Mars;300;Funk;04/02/1962
Bright Lights;Bruno Mars;310;R&B;13/10/2014
Whispering Echo;Bruno Mars;410;Pop;04/03/1999
Burning Stars;Bruno Mars;290;Funk;28/01/2019
The Old Road;Bruno Mars;310;R&B;22/01/1983
Golden Dream;Bruno Mars;480;Pop, Funk;14/10/2018
Midnight Sky of Night;Bruno Mars;260;R&B;08/03/2021
The Electric Dream;Roberto Carlos;952;MPB, Brazilian Pop;02/03/1976
Golden River;Roberto Carlos;390;Brazilian Pop;08/02/1994
Lonely Road;Roberto Carlos;290;MPB;30/09/1966
The Lost Echo;Roberto Carlos;220;Brazilian Pop;11/05/1972
Whispering Stars;Roberto Carlos;420;MPB;07/01/2008
Sweet Sound;Roberto Carlos;240;Brazilian Pop;12/05/1975
Broken Sky;Roberto Carlos;230;MPB;19/04/2002
The New Stars;Roberto Carlos;300;Brazilian Pop;11/07/2015
Bright Night;Roberto Carlos;450;MPB, Brazilian Pop;15/02/1976
Burning Heart of Night;Roberto Carlos;310;Brazilian Pop;29/06/2012
The Lonely Stars;Eminem;300;Hip Hop, Rap;27/06/2001
Sweet River;Eminem;370;Rap;29/06/1987
The Old Sound;Eminem;230;Hip Hop;22/09/1992
Bright Sky;Eminem;480;Rap;05/09/1966
Lost Road of Shadow;Eminem;310;Hip Hop;07/06/1966
Silent Dream;Eminem;290;Rap;18/09/1976
Whispering Heart;Eminem;310;Hip Hop;22/11/1999
Broken Fire;Eminem;360;Rap;14/04/1987
The New Sound;Eminem;240;Hip Hop, Rap;29/01/1966
Burning Stars of Night;Eminem;450;Rap;03/01/1996
The Wild Dream;Queen;310;Rock, Classic Rock;16/08/1988
Midnight Sky;Queen;250;Classic Rock;11/10/2000
Lonely Lights;Queen;360;Rock;25/01/1974
The Lost Road;Queen;430;Classic Rock;04/12/2018
Burning Fire;Queen;290;Rock;08/11/1962
Sweet River;Queen;210;Classic Rock;31/08/2003
The Silent Sound;Queen;400;Rock;05/01/2001
Dark Echo;Queen;340;Classic Rock;06/11/2024
Bright Night;Queen;300;Rock, Classic Rock;18/05/1987
Golden Heart of Sound;Queen;370;Classic Rock;29/01/1965
The Electric Heart;Bruno Mars;260;Funk, Pop;25/05/1977
Golden River;Bruno Mars;310;R&B;01/12/1974
Lonely Road;Bruno Mars;350;Pop;21/12/1964
The Lost Echo;Bruno Mars;270;Funk;31/08/2001
Whispering Stars;Bruno Mars;400;R&B;29/10/2014
Sweet Sound;Bruno Mars;220;Pop;10/07/2010
Broken Sky;Bruno Mars;330;Funk;20/06/2012
The New Stars;Bruno Mars;380;R&B;22/02/1961
Bright Night;Bruno Mars;260;Pop, Funk;14/11/1982
Burning Heart of Night;Bruno Mars;300;R&B;02/09/2008
The Golden Dream;Ariana Grande;290;Pop, R&B;11/11/1993
Dancing Stars;Ariana Grande;340;R&B;27/01/2010
Wild Heart;Ariana Grande;400;Pop;26/07/1980
The Silent Echo;Ariana Grande;250;R&B;25/10/1977
Lost Fire;Ariana Grande;320;Pop;04/12/2019
Midnight City;Ariana Grande;210;R&B;26/09/1984
Lonely Road;Ariana Grande;330;Pop;03/02/1988
The Singing Heart;Ariana Grande;280;R&B;15/02/1971
Bright Stars;Ariana Grande;360;Pop, R&B;30/11/1999
Broken Echo of Sky;Ariana Grande;220;R&B;26/04/2007
The Midnight Road;Metallica;350;Metal, Thrash Metal;31/10/1991
Golden Fire;Metallica;310;Thrash Metal;26/03/2021
Wild Heart;Metallica;390;Metal;29/01/1971
The Lost Sound;Metallica;420;Thrash Metal;23/01/1980
Whispering Stars;Metallica;260;Metal;09/03/1976
Lonely Echo;Metallica;320;Thrash Metal;19/05/1972
Burning Dream;Metallica;370;Metal;30/01/1963
The Sweet Echo;Metallica;380;Thrash Metal;04/09/1970
Bright Dream;Metallica;250;Metal, Thrash Metal;24/07/2023
The Silent Road;Metallica;300;Thrash Metal;07/04/2003
The Bright Night;K-Pop;270;K-Pop, Pop;22/08/1973
Golden Dream;BTS;400;Pop;07/08/2011
Midnight Stars;BTS;300;K-Pop;01/03/1976
The Dancing Lights;BTS;350;Pop;16/04/2007
Lost River of Night;BTS;320;K-Pop;21/09/2016
Silent Sound;BTS;380;Pop;01/01/2005
Whispering Echo;BTS;420;K-Pop;06/09/1982
Broken Sky;BTS;300;Pop;25/10/1986
The New Dream;BTS;410;K-Pop;25/03/1972
Burning Heart;BTS;280;Pop;30/08/2002
The Wild Sound;AC/DC;320;Hard Rock, Blues Rock;16/05/1994
Midnight Heart;AC/DC;260;Blues Rock;12/09/1971
Lonely Dream;AC/DC;370;Hard Rock;17/03/1988
The Lost Sky;AC/DC;440;Blues Rock;04/11/1966
Burning Lights;AC/DC;290;Hard Rock;04/05/1985
Sweet River;AC/DC;220;Blues Rock;06/08/1982
The Old Sky;AC/DC;380;Hard Rock;18/07/1962
Dancing Stars;AC/DC;330;Blues Rock;30/03/2024
The Bright Sky;AC/DC;260;Hard Rock, Blues Rock;26/05/1960
Golden Echo of Love;AC/DC;470;Blues Rock;02/04/2006
The Sweet Sound;Maroon 5;240;Pop, Funk Rock;14/10/1972
Silent Night;Maroon 5;290;Funk Rock;20/03/1966
Lonely Heart of Sky;Maroon 5;340;Pop;22/11/2011
The Lost River;Maroon 5;310;Funk Rock;01/08/1996
Bright Lights;Maroon 5;320;Pop;25/07/2013
Whispering Echo;Maroon 5;420;Funk Rock;09/04/2000
Burning Stars;Maroon 5;300;Pop;25/03/2002
The Old Road;Maroon 5;320;Funk Rock;10/07/2013
Golden Dream;Maroon 5;480;Pop, Funk Rock;01/03/2015
Midnight Sky of Night;Maroon 5;270;Funk Rock;25/12/2010
The Electric Dream;Bad Bunny;360;Reggaeton, Trap Latino;22/01/2023
Golden River;Bad Bunny;400;Trap Latino;25/07/2015
Lonely Road;Bad Bunny;300;Reggaeton;31/05/1984
The Lost Echo;Bad Bunny;230;Trap Latino;09/04/2003
Whispering Stars;Bad Bunny;430;Reggaeton;20/09/1975
Sweet Sound;Bad Bunny;250;Trap Latino;17/06/2024
Broken Sky;Bad Bunny;240;Reggaeton;21/05/1996
The New Stars;Bad Bunny;310;Trap Latino;13/07/2011
Bright Night;Bad Bunny;460;Reggaeton, Trap Latino;17/12/2012
Burning Heart of Night;Bad Bunny;320;Trap Latino;15/09/2018
The Lonely Stars;Lil Nas X;310;Hip Hop, Country Rap;18/11/1995
Sweet River;Lil Nas X;380;Country Rap;30/07/1999
The Old Sound;Lil Nas X;240;Hip Hop;14/12/2008
Bright Sky;Lil Nas X;480;Country Rap;10/07/1978
Lost Road of Shadow;Lil Nas X;320;Hip Hop;27/07/1985
Silent Dream;Lil Nas X;300;Country Rap;09/09/2012
Whispering Heart;Lil Nas X;320;Hip Hop;07/04/1965
Broken Fire;Lil Nas X;370;Country Rap;27/12/2015
The New Sound;Lil Nas X;250;Hip Hop, Country Rap;31/08/1960
Burning Stars of Night;Lil Nas X;460;Country Rap;03/04/1980
The Wild Dream;Green Day;300;Punk Rock, Alternative;27/12/2004
Midnight Sky;Green Day;240;Alternative;27/04/1998
Lonely Lights;Green Day;350;Punk Rock;08/10/2022
The Lost Road;Green Day;420;Alternative;01/07/1998
Burning Fire;Green Day;280;Punk Rock;28/02/2006
Sweet River;Green Day;200;Alternative;29/01/2024
The Silent Sound;Green Day;390;Punk Rock;01/08/2015
Dark Echo;Green Day;330;Alternative;28/10/1985
Bright Night;Green Day;290;Punk Rock, Alternative;13/07/1993
Golden Heart of Sound;Green Day;360;Alternative;24/01/1977
The Electric Heart;Gilberto Gil;330;MPB, Tropicalia;29/12/2020
Golden River;Gilberto Gil;370;Tropicalia;04/10/1973
Lonely Road;Gilberto Gil;270;MPB;11/02/2008
The Lost Echo;Gilberto Gil;200;Tropicalia;24/11/1992
Whispering Stars;Gilberto Gil;400;MPB;10/10/2002
Sweet Sound;Gilberto Gil;220;Tropicalia;02/10/1975
Broken Sky;Gilberto Gil;210;MPB;19/06/1995
The New Stars;Gilberto Gil;280;Tropicalia;12/03/1992
Bright Night;Gilberto Gil;430;MPB, Tropicalia;09/02/1991
Burning Heart of Night;Gilberto Gil;290;Tropicalia;06/04/2022
The Golden Night;Khalid;270;R&B, Pop;25/09/1968
Whispering Dream;Khalid;480;Pop;09/10/1997
Lonely Stars;Khalid;350;R&B;17/02/2017
The Silent Road;Khalid;480;Pop;28/05/1990
Lost Fire;Khalid;220;R&B;15/07/1995
Midnight Echo;Khalid;280;Pop;04/07/1975
Sweet River;Khalid;210;R&B;10/09/1995
Broken Sound;Khalid;310;Pop;30/04/2011
The Bright Sky;Khalid;370;R&B, Pop;06/09/1970
Burning Road;Khalid;460;Pop;01/06/1968
The Wild Sound;Sia;310;Pop, Electronic;17/04/1968
Midnight Heart;Sia;260;Electronic;27/08/1986
Lonely Dream;Sia;360;Pop;09/05/1990
The Lost Sky;Sia;430;Electronic;16/09/2015
Burning Lights;Sia;290;Pop;09/04/2012
Sweet River;Sia;220;Electronic;24/09/1986
The Old Sky;Sia;370;Pop;30/04/1985
Dancing Stars;Sia;320;Electronic;14/06/2021
The Bright Sky;Sia;260;Pop, Electronic;28/08/1986
Golden Echo of Love;Sia;470;Electronic;23/07/1981
The Sweet Sound;Alok;250;EDM, House;08/01/1985
Silent Night;Alok;300;House;07/03/2024
Lonely Heart of Sky;Alok;350;EDM;31/01/2024
The Lost River;Alok;320;House;24/02/1989
Bright Lights;Alok;330;EDM;05/11/1981
Whispering Echo;Alok;430;House;12/09/1986
Burning Stars;Alok;310;EDM;17/07/2012
The Old Road;Alok;330;House;20/09/1971
Golden Dream;Alok;480;EDM, House;13/03/2011
Midnight Sky of Night;Alok;280;House;17/08/2006
The Electric Dream;Guns N' Roses;360;Hard Rock, Glam Metal;07/10/2001
Golden River;Guns N' Roses;400;Glam Metal;24/03/2005
Lonely Road;Guns N' Roses;300;Hard Rock;05/02/2007
The Lost Echo;Guns N' Roses;230;Glam Metal;25/11/2003
Whispering Stars;Guns N' Roses;430;Hard Rock;04/02/2005
Sweet Sound;Guns N' Roses;250;Glam Metal;23/03/2001
Broken Sky;Guns N' Roses;240;Hard Rock;01/01/2019
The New Stars;Guns N' Roses;310;Glam Metal;07/06/1964
Bright Night;Guns N' Roses;460;Hard Rock, Glam Metal;22/12/2007
Burning Heart of Night;Guns N' Roses;320;Glam Metal;18/04/1999
The Lonely Stars;Anitta;310;Brazilian Pop, Reggaeton;23/10/2016
Sweet River;Anitta;380;Funk Carioca;19/06/1991
The Old Sound;Anitta;240;Brazilian Pop;01/06/1988
Bright Sky;Anitta;480;Reggaeton;10/02/1984
Lost Road of Shadow;Anitta;320;Brazilian Pop;06/03/2014
Silent Dream;Anitta;300;Funk Carioca;22/05/2016
Whispering Heart;Anitta;320;Brazilian Pop;14/10/1970
Broken Fire;Anitta;370;Reggaeton;09/09/1968
The New Sound;Anitta;250;Brazilian Pop, Funk Carioca;04/04/1997
Burning Stars of Night;Anitta;460;Reggaeton;20/07/2020
The Wild Dream;Elis Regina;300;MPB, Bossa Nova;02/10/2008
Midnight Sky;Elis Regina;240;Bossa Nova;04/09/2013
Lonely Lights;Elis Regina;350;MPB;03/03/1968
The Lost Road;Elis Regina;420;Bossa Nova;21/03/1968
Burning Fire;Elis Regina;280;MPB;22/12/2007
Sweet River;Elis Regina;200;Bossa Nova;16/01/1965
The Silent Sound;Elis Regina;390;MPB;11/03/2012
Dark Echo;Elis Regina;330;Bossa Nova;15/10/1989
Bright Night;Elis Regina;290;MPB, Bossa Nova;12/07/1960
Golden Heart of Sound;Elis Regina;360;Bossa Nova;13/08/1980
The Electric Heart;Tiësto;270;Trance, EDM;28/04/1998
Golden River;Tiësto;320;EDM;29/10/2001
Lonely Road;Tiësto;360;Trance;16/10/1989
The Lost Echo;Tiësto;280;EDM;27/09/1978
Whispering Stars;Tiësto;410;Trance;18/01/1973
Sweet Sound;Tiësto;230;EDM;26/09/1988
Broken Sky;Tiësto;340;Trance;22/06/2023
The New Stars;Tiësto;390;EDM;26/11/1997
Bright Night;Tiësto;270;Trance, EDM;03/01/2008
Burning Heart of Night;Tiësto;310;EDM;12/02/2021
The Golden Night;Pitty;280;Brazilian Rock, Alternative;12/10/1975
Whispering Dream;Pitty;470;Alternative;23/02/1999
Lonely Stars;Pitty;360;Brazilian Rock;13/03/1965
The Silent Road;Pitty;470;Alternative;07/10/2022
Lost Fire;Pitty;230;Brazilian Rock;16/05/1996
Midnight Echo;Pitty;290;Alternative;16/03/2008
Sweet River;Pitty;220;Brazilian Rock;09/01/1986
Broken Sound;Pitty;320;Alternative;20/09/1967
The Bright Sky;Pitty;380;Brazilian Rock, Alternative;19/08/2002
Burning Road;Pitty;470;Alternative;20/10/1988
The Wild Sound;BTS;320;K-Pop, Pop;07/01/1996
Midnight Heart;BTS;270;Pop;12/06/2005
Lonely Dream;BTS;370;K-Pop;22/04/2001
The Lost Sky;BTS;440;Pop;15/11/2000
Burning Lights;BTS;290;K-Pop;16/04/1978
Sweet River;BTS;220;Pop;30/11/2009
The Old Sky;BTS;380;K-Pop;29/10/1977
Dancing Stars;BTS;330;Pop;23/05/2010
The Bright Sky;BTS;260;K-Pop, Pop;09/03/1976
Golden Echo of Love;BTS;470;Pop;13/10/1993
The Sweet Sound;Michael Jackson;240;Pop, R&B;06/02/2021
Silent Night;Michael Jackson;290;Funk;13/02/1960
Lonely Heart of Sky;Michael Jackson;340;Pop;10/05/2004
The Lost River;Michael Jackson;310;R&B;25/11/2011
Bright Lights;Michael Jackson;320;Funk;27/05/2023
Whispering Echo;Michael Jackson;420;Pop;10/06/2000
Burning Stars;Michael Jackson;300;R&B;28/04/2022
The Old Road;Michael Jackson;320;Funk;25/03/2004
Golden Dream;Michael Jackson;480;Pop, R&B;02/12/1990
Midnight Sky of Night;Michael Jackson;270;Funk;10/03/2002
The Electric Dream;Michael Jackson;360;Pop, Funk;14/01/1960
Golden River;Michael Jackson;400;R&B;11/09/2012
Lonely Road;Michael Jackson;300;Pop;10/06/1967
The Lost Echo;Michael Jackson;230;Funk;01/10/2010
Whispering Stars;Michael Jackson;430;R&B;13/05/2000
Sweet Sound;Michael Jackson;250;Pop;09/05/2013
Broken Sky;Michael Jackson;240;Funk;19/06/2017
The New Stars;Michael Jackson;310;R&B;20/05/1975
Bright Night;Michael Jackson;460;Pop, Funk;29/09/1990
Burning Heart of Night;Michael Jackson;320;R&B;02/05/1970
The Lonely Stars;Caetano Veloso;310;MPB, Tropicalia;23/06/2009
Sweet River;Caetano Veloso;380;Tropicalia;03/10/2015
The Old Sound;Caetano Veloso;240;MPB;03/03/1973
Bright Sky;Caetano Veloso;480;Tropicalia;07/02/1971
Lost Road of Shadow;Caetano Veloso;320;MPB;13/04/1987
Silent Dream;Caetano Veloso;300;Tropicalia;15/06/1996
Whispering Heart;Caetano Veloso;320;MPB;24/12/1965
Broken Fire;Caetano Veloso;370;Tropicalia;20/02/2009
The New Sound;Caetano Veloso;250;MPB, Tropicalia;28/02/1977
Burning Stars of Night;Caetano Veloso;460;Tropicalia;27/06/2013
The Wild Dream;Gorillaz;300;Alternative, Electronic;04/07/2023
Midnight Sky;Gorillaz;240;Hip Hop;02/07/2001
Lonely Lights;Gorillaz;350;Electronic;09/12/1980
The Lost Road;Gorillaz;420;Alternative;24/04/1995
Burning Fire;Gorillaz;280;Hip Hop;29/08/1986
Sweet River;Gorillaz;200;Electronic;26/07/1981
The Silent Sound;Gorillaz;390;Alternative;10/02/1995
Dark Echo;Gorillaz;330;Hip Hop;12/12/1969
Bright Night;Gorillaz;290;Electronic, Hip Hop;13/07/1999
Golden Heart of Sound;Gorillaz;360;Alternative;03/08/2006
The Electric Heart;Legião Urbana;330;Brazilian Rock, Post-Punk;22/09/1975
Golden River;Legião Urbana;370;Post-Punk;31/07/2019
Lonely Road;Legião Urbana;270;Brazilian Rock;08/05/1982
The Lost Echo;Legião Urbana;200;Post-Punk;12/01/1990
Whispering Stars;Legião Urbana;400;Brazilian Rock;28/01/1965
Sweet Sound;Legião Urbana;220;Post-Punk;02/11/1968
Broken Sky;Legião Urbana;210;Brazilian Rock;26/11/1996
The New Stars;Legião Urbana;280;Post-Punk;26/08/2017
Bright Night;Legião Urbana;430;Brazilian Rock, Post-Punk;01/11/1965
Burning Heart of Night;Legião Urbana;290;Post-Punk;15/05/2016
The Golden Night;Adele;270;Pop, Soul;16/06/2018
Whispering Dream;Adele;480;Soul;01/02/1962
Lonely Stars;Adele;350;Pop;23/06/1998
The Silent Road;Adele;480;Soul;26/11/2002
Lost Fire;Adele;220;Pop;19/06/1999
Midnight Echo;Adele;280;Soul;12/10/1983
Sweet River;Adele;210;Pop;08/05/2019
Broken Sound;Adele;310;Soul;15/07/2008
The Bright Sky;Adele;370;Pop, Soul;03/06/1967
Burning Road;Adele;460;Soul;17/06/1971
The Wild Sound;Nirvana;310;Grunge, Alternative;17/07/1969
Midnight Heart;Nirvana;260;Alternative;05/01/2000
Lonely Dream;Nirvana;360;Grunge;03/12/1974
The Lost Sky;Nirvana;430;Alternative;01/02/1993
Burning Lights;Nirvana;290;Grunge;10/06/1961
Sweet River;Nirvana;220;Alternative;09/07/1981
The Old Sky;Nirvana;370;Grunge;17/05/1997
Dancing Stars;Nirvana;320;Alternative;03/10/1997
The Bright Sky;Nirvana;260;Grunge, Alternative;12/07/2014
Golden Echo of Love;Nirvana;470;Alternative;07/01/1990
The Sweet Sound;Green Day;250;Punk Rock, Alternative;03/08/2008
Silent Night;Green Day;300;Alternative;03/01/2000
Lonely Heart of Sky;Green Day;350;Punk Rock;22/10/1983
The Lost River;Green Day;320;Alternative;11/03/1970
Bright Lights;Green Day;330;Punk Rock;03/11/1979
Whispering Echo;Green Day;430;Alternative;26/03/1986
Burning Stars;Green Day;310;Punk Rock;14/01/2007
The Old Road;Green Day;330;Alternative;07/10/1969
Golden Dream;Green Day;480;Punk Rock, Alternative;03/01/1968
Midnight Sky of Night;Green Day;280;Alternative;03/05/1966
The Electric Dream;Twenty One Pilots;360;Alternative, Pop;24/03/1978
Golden River;Twenty One Pilots;400;Pop;13/08/1997
Lonely Road;Twenty One Pilots;300;Alternative;19/05/2002
The Lost Echo;Twenty One Pilots;230;Pop;07/07/2004
Whispering Stars;Twenty One Pilots;430;Alternative;14/04/2023
Sweet Sound;Twenty One Pilots;250;Pop;24/05/2021
Broken Sky;Twenty One Pilots;240;Alternative;18/02/1998
The New Stars;Twenty One Pilots;310;Pop;15/12/1995
Bright Night;Twenty One Pilots;460;Alternative, Pop;29/02/1968
Burning Heart of Night;Twenty One Pilots;320;Pop;07/02/2000
The Lonely Stars;Adele;310;Pop, Soul;25/09/2012
Sweet River;Adele;380;Soul;23/11/2012
The Old Sound;Adele;240;Pop;13/12/1980
Bright Sky;Adele;480;Soul;10/09/1968
Lost Road of Shadow;Adele;320;Pop;01/10/2018
Silent Dream;Adele;300;Soul;07/11/2021
Whispering Heart;Adele;320;Pop;25/10/1982
Broken Fire;Adele;370;Soul;13/02/2004
The New Sound;Adele;250;Pop, Soul;13/10/1991
Burning Stars of Night;Adele;460;Soul;21/10/1971
The Wild Dream;Anitta;300;Brazilian Pop, Reggaeton;28/06/1973
Midnight Sky;Anitta;240;Funk Carioca;02/11/2015
Lonely Lights;Anitta;350;Brazilian Pop;27/07/1976
The Lost Road;Anitta;420;Reggaeton;26/09/2018
Burning Fire;Anitta;280;Brazilian Pop;18/09/2020
Sweet River;Anitta;200;Funk Carioca;01/02/2018
The Silent Sound;Anitta;390;Brazilian Pop;19/03/1978
Dark Echo;Anitta;330;Reggaeton;10/11/1981
Brave Heart of River;Anitta;290;Brazilian Pop, Funk Carioca;28/08/1997
Golden Heart of Sound;Anitta;360;Reggaeton;08/08/2003
The Electric Heart;Red Hot Chili Peppers;330;Funk Rock, Alternative;25/09/2020
Golden River;Red Hot Chili Peppers;370;Alternative;29/10/2020
Lonely Road;Red Hot Chili Peppers;270;Funk Rock;12/03/1983
The Lost Echo;Red Hot Chili Peppers;200;Alternative;26/10/1985
Whispering Stars;Red Hot Chili Peppers;400;Funk Rock;23/05/2002
Sweet Sound;Red Hot Chili Peppers;220;Alternative;09/09/1962
Broken Sky;Red Hot Chili Peppers;210;Funk Rock;31/05/1972
The New Stars;Red Hot Chili Peppers;280;Alternative;24/07/2018
Bright Night;Red Hot Chili Peppers;430;Funk Rock, Alternative;20/04/2011
Burning Heart of Night;Red Hot Chili Peppers;290;Alternative;30/01/2006
The Golden Night;The Weeknd;280;R&B, Pop;09/11/1960
Whispering Dream;The Weeknd;470;Electronic;04/06/2018
Lonely Stars;The Weeknd;360;Pop;13/08/1994
The Silent Road;The Weeknd;470;R&B;27/04/1990
Lost Fire;The Weeknd;230;Electronic;09/07/1969
Midnight Echo;The Weeknd;290;Pop;22/01/2010
Sweet River;The Weeknd;220;R&B;13/06/2003
Broken Sound;The Weeknd;320;Electronic;28/10/1982
The Bright Sky;The Weeknd;380;Pop, R&B;22/06/2020
Burning Road;The Weeknd;470;Electronic;11/08/1974
The Wild Sound;Taylor Swift;320;Pop, Country;03/09/1961
Midnight Heart;Taylor Swift;270;Country;23/12/1963
Lonely Dream;Taylor Swift;370;Pop;26/01/1998
The Lost Sky;Taylor Swift;440;Country;20/02/2005
Burning Lights;Taylor Swift;290;Pop;03/03/2023
Sweet River;Taylor Swift;220;Country;28/03/2006
The Old Sky;Taylor Swift;380;Pop;16/12/1994
Dancing Stars;Taylor Swift;330;Country;01/02/1996
The Bright Sky;Taylor Swift;260;Pop, Country;05/04/1966
Golden Echo of Love;Taylor Swift;470;Country;29/09/1984
The Sweet Sound;Harry Styles;250;Pop, Rock;31/05/1971
Silent Night;Harry Styles;300;Rock;03/03/1970
Lonely Heart of Sky;Harry Styles;350;Pop;05/03/1994
The Lost River;Harry Styles;320;Rock;13/12/1962
Bright Lights;Harry Styles;330;Pop;20/09/1960
Whispering Echo;Harry Styles;430;Rock;02/06/1995
Burning Stars;Harry Styles;310;Pop;23/04/1992
The Old Road;Harry Styles;330;Rock;29/09/1987
Golden Dream;Harry Styles;480;Pop, Rock;17/03/1992
Midnight Sky of Night;Harry Styles;280;Rock;14/09/2018
The Electric Dream;Olivia Rodrigo;360;Pop, Alternative;08/05/1990
Golden River;Olivia Rodrigo;400;Alternative;24/07/2022
Lonely Road;Olivia Rodrigo;300;Pop;11/07/2020
The Lost Echo;Olivia Rodrigo;230;Alternative;29/10/2002
Whispering Stars;Olivia Rodrigo;430;Pop;18/09/2017
Sweet Sound;Olivia Rodrigo;250;Alternative;28/04/2003
Broken Sky;Olivia Rodrigo;240;Pop;14/03/2012
The New Stars;Olivia Rodrigo;310;Alternative;25/05/1991
Bright Night;Olivia Rodrigo;460;Pop, Alternative;27/11/2009
Burning Heart of Night;Olivia Rodrigo;320;Alternative;03/12/1981
The Lonely Stars;Maroon 5;310;Pop, Funk Rock;15/04/1985
Sweet River;Maroon 5;380;Funk Rock;11/10/1970
The Old Sound;Maroon 5;240;Pop;17/01/1994
Bright Sky;Maroon 5;480;Funk Rock;18/10/1992
Lost Road of Shadow;Maroon 5;320;Pop;29/09/1997
Silent Dream;Maroon 5;300;Funk Rock;11/11/2010
Whispering Heart;Maroon 5;320;Pop;18/07/1975
Broken Fire;Maroon 5;370;Funk Rock;09/10/2001
The New Sound;Maroon 5;250;Pop, Funk Rock;12/04/2018
Burning Stars of Night;Maroon 5;460;Funk Rock;22/08/1968
The Wild Dream;Khalid;300;R&B, Pop;14/07/2016
Midnight Sky;Khalid;240;Pop;01/05/2024
Lonely Lights;Khalid;350;R&B;19/06/1973
The Lost Road;Khalid;420;Pop;26/01/1968
Burning Fire;Khalid;280;R&B;21/04/2015
Sweet River;Khalid;200;Pop;07/06/1985
The Silent Sound;Khalid;390;R&B;01/12/1988
Dark Echo;Khalid;330;Pop;09/06/1996
Bright Night;Khalid;290;R&B, Pop;04/06/1996
Golden Heart of Sound;Khalid;360;Pop;31/08/1988
The Electric Heart;Sia;330;Pop, Electronic;17/06/1979
Golden River;Sia;370;Electronic;01/07/2016
Lonely Road;Sia;270;Pop;12/08/1985
The Lost Echo;Sia;200;Electronic;14/09/1969
Whispering Stars;Sia;400;Pop;16/08/1965
Sweet Sound;Sia;220;Electronic;22/01/1962
Broken Sky;Sia;210;Pop;23/11/2008
The New Stars;Sia;280;Electronic;31/08/2016
Bright Night;Sia;430;Pop, Electronic;12/05/2021
Burning Heart of Night;Sia;290;Electronic;29/07/1994
The Golden Night;Twenty One Pilots;280;Alternative, Pop;02/12/1998
Whispering Dream;Twenty One Pilots;470;Pop;16/02/2020
Lonely Stars;Twenty One Pilots;360;Alternative;24/03/2013
The Silent Road;Twenty One Pilots;470;Pop;23/11/1996
Lost Fire;Twenty One Pilots;230;Alternative;14/11/1985
Midnight Echo;Twenty One Pilots;290;Pop;26/07/1970
Sweet River;Twenty One Pilots;220;Alternative;15/03/1972
Broken Sound;Twenty One Pilots;320;Pop;26/01/1973
The Bright Sky;Twenty One Pilots;380;Alternative, Pop;14/01/1978
Burning Road;Twenty One Pilots;470;Pop;19/07/1974
The Wild Sound;Foo Fighters;320;Rock, Alternative;13/10/1975
Midnight Heart;Foo Fighters;270;Alternative;19/07/2005
Lonely Dream;Foo Fighters;370;Rock;25/07/1985
The Lost Sky;Foo Fighters;440;Alternative;23/12/2020
Burning Lights;Foo Fighters;290;Rock;05/08/2005
Sweet River;Foo Fighters;220;Alternative;05/03/2000
The Old Sky;Foo Fighters;380;Rock;07/03/2008
Dancing Stars;Foo Fighters;330;Alternative;27/04/1988
The Bright Sky;Foo Fighters;260;Rock, Alternative;20/02/1977
Golden Echo of Love;Foo Fighters;470;Alternative;11/04/1967
The Sweet Sound;Legião Urbana;250;Brazilian Rock, Post-Punk;14/02/1971
Silent Night;Legião Urbana;300;Post-Punk;10/12/1982
Lonely Heart of Sky;Legião Urbana;350;Brazilian Rock;02/02/1998
The Lost River;Legião Urbana;320;Post-Punk;01/07/2004
Bright Lights;Legião Urbana;330;Brazilian Rock;29/01/1995
Whispering Echo;Legião Urbana;430;Post-Punk;17/01/1992
Burning Stars;Legião Urbana;310;Brazilian Rock;17/07/2005
The Old Road;Legião Urbana;330;Post-Punk;08/05/2012
Golden Dream;Legião Urbana;480;Brazilian Rock, Post-Punk;13/04/1977
Midnight Sky of Night;Legião Urbana;280;Post-Punk;14/12/1993
The Electric Dream;Skank;360;Brazilian Pop, Reggae;12/08/2001
Golden River;Skank;400;Rock;30/11/1964
Lonely Road;Skank;300;Brazilian Pop;24/03/1991
The Lost Echo;Skank;230;Reggae;31/05/1974
Whispering Stars;Skank;430;Rock;07/02/2021
Sweet Sound;Skank;250;Brazilian Pop;08/01/1994
Broken Sky;Skank;240;Reggae;17/05/2012
The New Stars;Skank;310;Rock;29/07/1975
Bright Night;Skank;460;Brazilian Pop, Reggae;04/01/1980
Burning Heart of Night;Skank;320;Rock;11/01/1981
The Lonely Stars;Ariana Grande;310;Pop, R&B;13/08/2000
Sweet River;Ariana Grande;380;R&B;08/05/2007
The Old Sound;Ariana Grande;240;Pop;28/09/1968
Bright Sky;Ariana Grande;480;R&B;07/11/2020
Lost Road of Shadow;Ariana Grande;320;Pop;16/12/1964
Silent Dream;Ariana Grande;300;R&B;23/02/2019
Whispering Heart;Ariana Grande;320;Pop;18/02/1991
Broken Fire;Ariana Grande;370;R&B;07/05/2006
The New Sound;Ariana Grande;250;Pop, R&B;14/05/2008
Burning Stars of Night;Ariana Grande;460;R&B;20/12/2016
The Wild Dream;Lil Nas X;300;Hip Hop, Country Rap;05/08/1989
Midnight Sky;Lil Nas X;240;Country Rap;25/01/2016
Lonely Lights;Lil Nas X;350;Hip Hop;20/07/2024
The Lost Road;Lil Nas X;420;Country Rap;16/08/1977
Burning Fire;Lil Nas X;280;Hip Hop;18/08/1997
Sweet River;Lil Nas X;200;Country Rap;21/02/1970
The Silent Sound;Lil Nas X;390;Hip Hop;11/08/2019
Dark Echo;Lil Nas X;330;Country Rap;06/12/2017
Bright Night;Lil Nas X;290;Hip Hop, Country Rap;01/12/1994
Golden Heart of Sound;Lil Nas X;360;Country Rap;20/12/1964
The Electric Heart;The Beatles;330;Pop, Rock;11/02/1961
Golden River;The Beatles;370;Classic Rock;09/07/1995
Lonely Road;The Beatles;270;Pop;13/02/1978
The Lost Echo;The Beatles;200;Classic Rock;04/01/1967
Whispering Stars;The Beatles;400;Pop;21/10/1972
Sweet Sound;The Beatles;220;Classic Rock;20/04/2014
Broken Sky;The Beatles;210;Pop;11/09/1997
The New Stars;The Beatles;280;Classic Rock;24/01/1973
Bright Night;The Beatles;430;Pop, Classic Rock;11/03/1967
Burning Heart of Night;The Beatles;290;Classic Rock;16/07/2024
The Golden Night;Dua Lipa;270;Pop, Dance;31/05/2002
Whispering Dream;Dua Lipa;480;Dance;17/02/1991
Lonely Stars;Dua Lipa;350;Pop;26/02/2016
The Silent Road;Dua Lipa;480;Dance;29/01/1993
Lost Fire;Dua Lipa;220;Pop;05/04/1965
Midnight Echo;Dua Lipa;280;Dance;19/11/2022
Sweet River;Dua Lipa;210;Pop;08/12/1970
Broken Sound;Dua Lipa;310;Dance;01/04/1989
The Bright Sky;Dua Lipa;370;Pop, Dance;27/07/2016
Burning Road;Dua Lipa;460;Dance;25/06/1972
The Wild Sound;J Balvin;310;Reggaeton, Latin Pop;21/06/1973
Midnight Heart;J Balvin;260;Latin Pop;18/10/1970
Lonely Dream;J Balvin;360;Reggaeton;05/12/2000
The Lost Sky;J Balvin;430;Latin Pop;29/05/1980
Burning Lights;J Balvin;290;Reggaeton;05/06/1981
Sweet River;J Balvin;220;Latin Pop;25/10/1995
The Old Sky;J Balvin;370;Reggaeton;03/08/2019
Dancing Stars;J Balvin;320;Latin Pop;27/02/2009
The Bright Sky;J Balvin;260;Reggaeton, Latin Pop;26/07/2021
Golden Echo of Love;J Balvin;470;Latin Pop;13/04/2004
The Sweet Sound;BlackPink;250;K-Pop, Hip Hop;08/05/1978
Silent Night;BlackPink;300;Hip Hop;12/11/2006
Lonely Heart of Sky;BlackPink;350;K-Pop;13/06/1972
The Lost River;BlackPink;320;Hip Hop;08/07/2002
Bright Lights;BlackPink;330;K-Pop;20/08/1981
Whispering Echo;BlackPink;430;Hip Hop;04/11/1985
Burning Stars;BlackPink;310;K-Pop;26/08/1971
The Old Road;BlackPink;330;Hip Hop;04/05/1981
Golden Dream;BlackPink;480;K-Pop, Hip Hop;12/12/2018
Midnight Sky of Night;BlackPink;280;Hip Hop;06/05/2017
The Electric Dream;Post Malone;360;Hip Hop, Pop;04/02/1962
Golden River;Post Malone;400;R&B;11/08/1971
Lonely Road;Post Malone;300;Hip Hop;16/03/1968
The Lost Echo;Post Malone;230;Pop;04/10/1992
Whispering Stars;Post Malone;430;R&B;13/06/1972
Sweet Sound;Post Malone;250;Hip Hop;13/08/1990
Broken Sky;Post Malone;240;Pop;04/10/1992
The New Stars;Post Malone;310;R&B;01/11/2002
Bright Night;Post Malone;460;Hip Hop, Pop;04/09/2015
Burning Heart of Night;Post Malone;320;R&B;02/11/1987
The Lonely Stars;Imagine Dragons;310;Alternative, Pop Rock;25/09/1999
Sweet River;Imagine Dragons;380;Pop Rock;31/03/1988
The Old Sound;Imagine Dragons;240;Alternative;15/02/1985
Bright Sky;Imagine Dragons;480;Pop Rock;15/02/1983
Lost Road of Shadow;Imagine Dragons;320;Alternative;27/03/2024
Silent Dream;Imagine Dragons;300;Pop Rock;24/09/2004
Whispering Heart;Imagine Dragons;320;Alternative;17/04/2003
Broken Fire;Imagine Dragons;370;Pop Rock;04/03/1992
The New Sound;Imagine Dragons;250;Alternative, Pop Rock;12/12/1970
Burning Stars of Night;Imagine Dragons;460;Pop Rock;22/03/2023
The Wild Dream;Swedish House Mafia;300;EDM, Progressive House;20/12/1989
Midnight Sky;Swedish House Mafia;240;Progressive House;10/04/1996
Lonely Lights;Swedish House Mafia;350;EDM;21/03/2023
The Lost Road;Swedish House Mafia;420;Progressive House;18/09/2016
Burning Fire;Swedish House Mafia;280;EDM;24/09/2023
Sweet River;Swedish House Mafia;200;Progressive House;13/07/2006
The Silent Sound;Swedish House Mafia;390;EDM;15/11/1967
Dark Echo;Swedish House Mafia;330;Progressive House;04/11/1984
Bright Night;Swedish House Mafia;290;EDM, Progressive House;18/04/2019
Golden Heart of Sound;Swedish House Mafia;360;Progressive House;11/12/1998
The Electric Heart;David Bowie;330;Glam Rock, Pop;19/07/1969
Golden River;David Bowie;370;Art Rock;09/07/2014
Lonely Road;David Bowie;270;Pop;20/10/1992
The Lost Echo;David Bowie;200;Glam Rock;14/03/1964
Whispering Stars;David Bowie;400;Art Rock;14/04/1969
Sweet Sound;David Bowie;220;Pop;26/06/1979
Broken Sky;David Bowie;210;Glam Rock;09/03/1960
The New Stars;David Bowie;280;Art Rock;14/10/2013
Bright Night;David Bowie;430;Pop, Glam Rock;27/11/1991
Burning Heart of Night;David Bowie;290;Art Rock;05/02/1979
The Golden Night;Pitty;270;Brazilian Rock, Alternative;31/07/1962
Whispering Dream;Pitty;480;Alternative;25/11/2023
Lonely Stars;Pitty;350;Brazilian Rock;06/08/1973
The Silent Road;Pitty;480;Alternative;27/05/1960
Lost Fire;Pitty;220;Brazilian Rock;20/05/2001
Midnight Echo;Pitty;280;Alternative;23/03/1979
Sweet River;Pitty;210;Brazilian Rock;25/04/1971
Broken Sound;Pitty;310;Alternative;23/07/1986
The Bright Sky;Pitty;370;Brazilian Rock, Alternative;18/06/1969
Burning Road;Pitty;460;Alternative;23/04/1991
The Wild Sound;Prince;310;Funk, Pop;20/12/1963
Midnight Heart;Prince;260;R&B;02/12/2002
Lonely Dream;Prince;360;Pop;12/09/2023
The Lost Sky;Prince;430;Funk;07/11/1998
Burning Lights;Prince;290;R&B;02/08/2000
Sweet River;Prince;220;Pop;29/04/1977
The Old Sky;Prince;370;Funk;08/04/2024
Dancing Stars;Prince;320;R&B;14/08/2011
The Bright Sky;Prince;260;Pop, Funk;04/03/2000
Golden Echo of Love;Prince;470;R&B;25/09/2011
The Sweet Sound;Calvin Harris;250;EDM, Dance-Pop;17/07/1974
Silent Night;Calvin Harris;300;Dance-Pop;25/11/2020
Lonely Heart of Sky;Calvin Harris;350;EDM;09/09/2022
The Lost River;Calvin Harris;320;Dance-Pop;18/03/1984
Bright Lights;Calvin Harris;330;EDM;11/07/1967
Whispering Echo;Calvin Harris;430;Dance-Pop;05/09/2021
Burning Stars;Calvin Harris;310;EDM;07/11/1972
The Old Road;Calvin Harris;330;Dance-Pop;26/11/2013
Golden Dream;Calvin Harris;480;EDM, Dance-Pop;23/03/1975
Midnight Sky of Night;Calvin Harris;280;Dance-Pop;01/02/1998
The Electric Dream;Bob Marley;360;Reggae, Ska;09/07/1966
Golden River;Bob Marley;400;Ska;24/10/2000
Lonely Road;Bob Marley;300;Reggae;18/03/1979
The Lost Echo;Bob Marley;230;Ska;12/11/2022
Whispering Stars;Bob Marley;430;Reggae;11/01/1983
Sweet Sound;Bob Marley;250;Ska;29/07/2021
Broken Sky;Bob Marley;240;Reggae;16/04/2018
The New Stars;Bob Marley;310;Ska;12/10/2011
Bright Night;Bob Marley;460;Reggae, Ska;25/05/1988
Burning Heart of Night;Bob Marley;320;Ska;02/01/2007
The Lonely Stars;Vintage Culture;310;Deep House, Electronic;23/02/1969
Sweet River;Vintage Culture;380;Electronic;02/04/1980
The Old Sound;Vintage Culture;240;Deep House;24/06/1985
Bright Sky;Vintage Culture;480;Electronic;27/12/2024
Lost Road of Shadow;Vintage Culture;320;Deep House;13/05/2023
Silent Dream;Vintage Culture;300;Electronic;16/03/2000
Whispering Heart;Vintage Culture;320;Deep House;17/04/2014
Broken Fire;Vintage Culture;370;Electronic;30/04/1962
The New Sound;Vintage Culture;250;Deep House, Electronic;18/03/1998
Burning Stars of Night;Vintage Culture;460;Electronic;26/12/2001
The Wild Dream;Racionais MC's;300;Hip Hop, Rap;04/07/2023
Midnight Sky;Racionais MC's;240;Rap;14/06/2001
Lonely Lights;Racionais MC's;350;Hip Hop;26/03/2016
The Lost Road;Racionais MC's;420;Rap;26/03/2024
Burning Fire;Racionais MC's;280;Hip Hop;28/11/1989
Sweet River;Racionais MC's;200;Rap;04/09/1966
The Silent Sound;Racionais MC's;390;Hip Hop;15/02/1978
Dark Echo;Racionais MC's;330;Rap;27/08/1966
Bright Night;Racionais MC's;290;Hip Hop, Rap;24/02/1997
Golden Heart of Sound;Racionais MC's;360;Rap;24/02/1976
The Electric Heart;Aretha Franklin;330;Soul, R&B;07/02/1990
Golden River;Aretha Franklin;370;R&B;20/10/2006
Lonely Road;Aretha Franklin;270;Soul;20/02/2000
The Lost Echo;Aretha Franklin;200;R&B;25/06/1980
Whispering Stars;Aretha Franklin;400;Soul;13/05/1995
Sweet Sound;Aretha Franklin;220;R&B;22/12/2021
Broken Sky;Aretha Franklin;210;Soul;18/09/1980
The New Stars;Aretha Franklin;280;R&B;05/11/1997
Bright Night;Aretha Franklin;430;Soul, R&B;17/06/1960
Burning Heart of Night;Aretha Franklin;290;R&B;19/01/1989
The Golden Night;Ed Sheeran;270;Pop, Folk;07/06/1993
Whispering Dream;Ed Sheeran;480;Folk;04/12/1974
Lonely Stars;Ed Sheeran;350;Pop;02/03/2013
The Silent Road;Ed Sheeran;480;Folk;21/07/1988
Lost Fire;Ed Sheeran;220;Pop;10/10/1961
Midnight Echo;Ed Sheeran;280;Folk;30/08/1979
Sweet River;Ed Sheeran;210;Pop;22/05/2016
Broken Sound;Ed Sheeran;310;Folk;25/07/1966
The Bright Sky;Ed Sheeran;370;Pop, Folk;06/12/1962
Burning Road;Ed Sheeran;460;Folk;09/11/2017
The Wild Sound;Eminem;310;Hip Hop, Rap;11/07/1966
Midnight Heart;Eminem;260;Rap;25/08/1984
Lonely Dream;Eminem;360;Hip Hop;24/01/2011
The Lost Sky;Eminem;430;Rap;05/06/1999
Burning Lights;Eminem;290;Hip Hop;01/10/2013
Sweet River;Eminem;220;Rap;08/02/1997
The Old Sky;Eminem;370;Hip Hop;07/12/1976
Dancing Stars;Eminem;320;Rap;07/04/1973
The Bright Sky;Eminem;260;Hip Hop, Rap;04/11/2011
Golden Echo of Love;Eminem;470;Rap;28/06/2010
The Sweet Sound;Linkin Park;250;Alternative, Nu Metal;06/05/2011
Silent Night;Linkin Park;300;Nu Metal;09/12/1995
Lonely Heart of Sky;Linkin Park;350;Alternative;31/03/1967
The Lost River;Linkin Park;320;Nu Metal;24/03/2014
Bright Lights;Linkin Park;330;Alternative;18/03/1994
Whispering Echo;Linkin Park;430;Nu Metal;26/07/1981
Burning Stars;Linkin Park;310;Alternative;01/05/1968
The Old Road;Linkin Park;330;Nu Metal;12/05/1988
Golden Dream;Linkin Park;480;Alternative, Nu Metal;21/05/2003
Midnight Sky of Night;Linkin Park;280;Nu Metal;31/01/1991
The Electric Dream;Iron Maiden;360;Metal, Heavy Metal;20/06/1971
Golden River;Iron Maiden;400;Heavy Metal;03/07/2010
Lonely Road;Iron Maiden;300;Metal;12/12/2014
The Lost Echo;Iron Maiden;230;Heavy Metal;03/02/1961
Whispering Stars;Iron Maiden;430;Metal;27/03/1972
Sweet Sound;Iron Maiden;250;Heavy Metal;04/11/1993
Broken Sky;Iron Maiden;240;Metal;11/11/1965
The New Stars;Iron Maiden;310;Heavy Metal;26/02/2007
Bright Night;Iron Maiden;460;Metal, Heavy Metal;03/01/1963
Burning Heart of Night;Iron Maiden;320;Heavy Metal;19/01/1980
The Lonely Stars;Lady Gaga;310;Pop, Dance;25/07/1993
Sweet River;Lady Gaga;380;Dance;06/03/2010
The Old Sound;Lady Gaga;240;Pop;25/03/1993
Bright Sky;Lady Gaga;480;Dance;17/09/1979
Lost Road of Shadow;Lady Gaga;320;Pop;21/06/2009
Silent Dream;Lady Gaga;300;Dance;11/03/2002
Whispering Heart;Lady Gaga;320;Pop;27/10/1966
Broken Fire;Lady Gaga;370;Dance;27/01/2005
The New Sound;Lady Gaga;250;Pop, Dance;30/01/1971
Burning Stars of Night;Lady Gaga;460;Dance;24/10/1994
The Wild Dream;Ariana Grande;300;Pop, R&B;23/12/1961
Midnight Sky;Ariana Grande;240;R&B;11/02/2000
Lonely Lights;Ariana Grande;350;Pop;07/07/1971
The Lost Road;Ariana Grande;420;R&B;08/03/2020
Burning Fire;Ariana Grande;280;Pop;18/09/2004
Sweet River;Ariana Grande;200;R&B;24/09/1980
The Silent Sound;Ariana Grande;390;Pop;08/08/1990
Dark Echo;Ariana Grande;330;R&B;23/05/1999
Bright Night;Ariana Grande;290;Pop, R&B;17/06/2023
Golden Heart of Sound;Ariana Grande;360;R&B;28/04/1983
The Electric Heart;Post Malone;330;Hip Hop, Pop;22/05/2016
Golden River;Post Malone;370;R&B;09/03/2000
Lonely Road;Post Malone;270;Hip Hop;16/04/2024
The Lost Echo;Post Malone;200;Pop;17/05/2024
Whispering Stars;Post Malone;400;R&B;17/10/2009
Sweet Sound;Post Malone;220;Hip Hop;18/04/2000
Broken Sky;Post Malone;210;Pop;09/02/2022
The New Stars;Post Malone;280;R&B;24/07/1998
Bright Night;Post Malone;430;Hip Hop, Pop;15/11/2008
Burning Heart of Night;Post Malone;290;R&B;17/01/1985
The Golden Night;Doja Cat;270;Pop, Hip Hop;05/09/1963
Whispering Dream;Doja Cat;480;R&B;05/02/1976
Lonely Stars;Doja Cat;350;Hip Hop;22/04/2021
The Silent Road;Doja Cat;480;Pop;22/11/2001
Lost Fire;Doja Cat;220;R&B;22/06/2001
Midnight Echo;Doja Cat;280;Hip Hop;30/06/1963
Sweet River;Doja Cat;210;Pop;07/04/1987
Broken Sound;Doja Cat;310;R&B;26/12/1992
The Bright Sky;Doja Cat;370;Hip Hop, Pop;15/07/2023
Burning Road;Doja Cat;460;R&B;18/04/1972
The Wild Sound;BLACKPINK;310;K-Pop, Hip Hop;19/09/1987
Midnight Heart;BLACKPINK;260;Hip Hop;10/01/1989
Lonely Dream;BLACKPINK;360;K-Pop;27/11/1966
The Lost Sky;BLACKPINK;430;Hip Hop;15/07/1974
Burning Lights;BLACKPINK;290;K-Pop;21/07/2017
Sweet River;BLACKPINK;220;Hip Hop;31/08/1985
The Old Sky;BLACKPINK;370;K-Pop;01/12/1977
Dancing Stars;BLACKPINK;320;Hip Hop;29/05/1996
The Bright Sky;BLACKPINK;260;K-Pop, Hip Hop;20/06/1968
Golden Echo of Love;BLACKPINK;470;Hip Hop;05/06/2004
The Sweet Sound;Bad Bunny;250;Reggaeton, Trap Latino;20/05/2007
Silent Night;Bad Bunny;300;Trap Latino;21/06/1997
Lonely Heart of Sky;Bad Bunny;350;Reggaeton;10/08/1965
The Lost River;Bad Bunny;320;Trap Latino;31/07/2009
Bright Lights;Bad Bunny;330;Reggaeton;07/05/1967
Whispering Echo;Bad Bunny;430;Trap Latino;31/08/1963
Burning Stars;Bad Bunny;310;Reggaeton;07/06/1971
The Old Road;Bad Bunny;330;Trap Latino;24/10/2021
Golden Dream;Bad Bunny;480;Reggaeton, Trap Latino;10/07/1997
Midnight Sky of Night;Bad Bunny;280;Trap Latino;22/03/1973
The Electric Dream;Rosalía;360;Flamenco Pop, R&B;08/11/1991
Golden River;Rosalía;400;R&B;26/11/2019
Lonely Road;Rosalía;300;Flamenco Pop;27/03/1983
The Lost Echo;Rosalía;230;R&B;05/08/1999
Whispering Stars;Rosalía;430;Flamenco Pop;06/11/1991
Sweet Sound;Rosalía;250;R&B;19/11/1977
Broken Sky;Rosalía;240;Flamenco Pop;12/06/2001
The New Stars;Rosalía;310;R&B;31/01/2008
Bright Night;Rosalía;460;Flamenco Pop, R&B;08/11/2003
Burning Heart of Night;Rosalía;320;R&B;14/01/1984
The Lonely Stars;BTS;310;K-Pop, Pop;14/07/2011
Sweet River;BTS;380;Pop;28/09/1984
The Old Sound;BTS;240;K-Pop;05/04/1997
Bright Sky;BTS;480;Pop;29/12/2001
Lost Road of Shadow;BTS;320;K-Pop;14/05/2005
Silent Dream;BTS;300;Pop;16/12/2007
Whispering Heart;BTS;320;K-Pop;17/07/1966
Broken Fire;BTS;370;Pop;22/10/1986
The New Sound;BTS;250;K-Pop, Pop;06/08/1971
Burning Stars of Night;BTS;460;Pop;25/08/1971
The Wild Dream;Ed Sheeran;300;Pop, Folk;23/09/1986
Midnight Sky;Ed Sheeran;240;Folk;28/06/1964
Lonely Lights;Ed Sheeran;350;Pop;07/09/1963
The Lost Road;Ed Sheeran;420;Folk;24/09/1982
Burning Fire;Ed Sheeran;280;Pop;22/06/1978
Sweet River;Ed Sheeran;200;Folk;28/07/1965
The Silent Sound;Ed Sheeran;390;Pop;18/10/1998
Dark Echo;Ed Sheeran;330;Folk;13/07/1977
Bright Night;Ed Sheeran;290;Pop, Folk;06/03/2003
Golden Heart of Sound;Ed Sheeran;360;Folk;27/10/2015
The Electric Heart;Rihanna;330;R&B, Pop;25/05/2017
Golden River;Rihanna;370;Dance;09/04/2009
Lonely Road;Rihanna;270;R&B;16/04/1968
The Lost Echo;Rihanna;200;Pop;23/04/1993
Whispering Stars;Rihanna;400;Dance;25/09/2014
Sweet Sound;Rihanna;220;R&B;13/08/2002
Broken Sky;Rihanna;210;Pop;03/12/1970
The New Stars;Rihanna;280;Dance;31/08/2003
Bright Night;Rihanna;430;R&B, Pop;27/03/1986
Burning Heart of Night;Rihanna;290;Dance;02/10/1998
The Golden Night;Khalid;280;R&B, Pop;02/04/1994
Whispering Dream;Khalid;470;Pop;27/12/2001
Lonely Stars;Khalid;360;R&B;18/06/1980
The Silent Road;Khalid;470;Pop;23/09/1983
Lost Fire;Khalid;230;R&B;10/03/1983
Midnight Echo;Khalid;290;Pop;21/12/1975
Sweet River;Khalid;220;R&B;21/10/1992
Broken Sound;Khalid;320;Pop;13/03/1995
The Bright Sky;Khalid;380;R&B, Pop;02/12/2014
Burning Road;Khalid;470;Pop;29/11/1961
The Wild Sound;Doja Cat;320;Pop, Hip Hop;07/04/1985
Midnight Heart;Doja Cat;270;R&B;07/08/1962
Lonely Dream;Doja Cat;370;Hip Hop;10/11/1984
The Lost Sky;Doja Cat;440;Pop;26/07/2002
Burning Lights;Doja Cat;290;R&B;08/01/1968
Sweet River;Doja Cat;220;Hip Hop;15/05/1997
The Old Sky;Doja Cat;380;Pop;14/10/1973
Dancing Stars;Doja Cat;330;R&B;19/09/1981
The Bright Sky;Doja Cat;260;Hip Hop, Pop;28/04/2001
Golden Echo of Love;Doja Cat;470;R&B;02/05/1990
The Sweet Sound;Dua Lipa;250;Pop, Dance;27/06/1986
Silent Night;Dua Lipa;300;Dance;21/06/1987
Lonely Heart of Sky;Dua Lipa;350;Pop;24/04/1998
The Lost River;Dua Lipa;320;Dance;03/10/2021
Bright Lights;Dua Lipa;330;Pop;03/12/2009
Whispering Echo;Dua Lipa;430;Dance;19/10/1968
Burning Stars;Dua Lipa;310;Pop;20/11/2007
The Old Road;Dua Lipa;330;Dance;11/02/2011
Golden Dream;Dua Lipa;480;Pop, Dance;11/08/2013
Midnight Sky of Night;Dua Lipa;280;Dance;15/12/1992
The Electric Dream;Lady Gaga;360;Pop, Dance;01/02/1970
Golden River;Lady Gaga;400;Dance;14/02/2003
Lonely Road;Lady Gaga;300;Pop;06/01/1968
The Lost Echo;Lady Gaga;230;Dance;09/09/2009
Whispering Stars;Lady Gaga;430;Pop;22/02/1997
Sweet Sound;Lady Gaga;250;Dance;03/05/1983
Broken Sky;Lady Gaga;240;Pop;13/01/1984
The New Stars;Lady Gaga;310;Dance;28/02/1968
Bright Night;Lady Gaga;460;Pop, Dance;12/09/1981
Burning Heart of Night;Lady Gaga;320;Dance;14/02/2001
The Lonely Stars;Ariana Grande;310;Pop, R&B;09/09/2015
Sweet River;Ariana Grande;380;R&B;30/03/1970
The Old Sound;Ariana Grande;240;Pop;24/02/1965
Bright Sky;Ariana Grande;480;R&B;14/11/1976
Lost Road of Shadow;Ariana Grande;320;Pop;23/10/1998
Silent Dream;Ariana Grande;300;R&B;10/01/1984
Whispering Heart;Ariana Grande;320;Pop;04/10/1964
Broken Fire;Ariana Grande;370;R&B;23/12/2009
The New Sound;Ariana Grande;250;Pop, R&B;03/09/1985
Burning Stars of Night;Ariana Grande;460;R&B;13/03/2020
The Wild Dream;Post Malone;300;Hip Hop, Pop;01/09/1985
Midnight Sky;Post Malone;240;R&B;09/10/1988
Lonely Lights;Post Malone;350;Hip Hop;28/07/2005
The Lost Road;Post Malone;420;Pop;28/09/2020
Burning Fire;Post Malone;280;R&B;06/07/1964
Sweet River;Post Malone;200;Hip Hop;24/02/1984
The Silent Sound;Post Malone;390;Pop;26/02/1973
Dark Echo;Post Malone;330;R&B;23/10/2002
Bright Night;Post Malone;290;Hip Hop, Pop;14/07/1995
Golden Heart of Sound;Post Malone;360;R&B;23/02/2006
The Electric Heart;Imagine Dragons;330;Alternative, Pop Rock;12/02/1989
Golden River;Imagine Dragons;370;Pop Rock;17/08/2023
Lonely Road;Imagine Dragons;270;Alternative;17/10/2002
The Lost Echo;Imagine Dragons;200;Pop Rock;04/02/2004
Whispering Stars;Imagine Dragons;400;Alternative;28/02/1968
Sweet Sound;Imagine Dragons;220;Pop Rock;05/02/1985
Broken Sky;Imagine Dragons;210;Alternative;21/01/1978
The New Stars;Imagine Dragons;280;Pop Rock;08/10/2002
Bright Night;Imagine Dragons;430;Alternative, Pop Rock;17/11/1998
Burning Heart of Night;Imagine Dragons;290;Pop Rock;03/09/1983
The Golden Night;Vintage Culture;270;Deep House, Electronic;30/11/2016
Whispering Dream;Vintage Culture;480;Electronic;07/11/1974
Lonely Stars;Vintage Culture;350;Deep House;07/04/1962
The Silent Road;Vintage Culture;480;Electronic;10/04/2012
Lost Fire;Vintage Culture;220;Deep House;10/12/1965
Midnight Echo;Vintage Culture;280;Electronic;21/03/1967
Sweet River;Vintage Culture;210;Deep House;17/04/2003
Broken Sound;Vintage Culture;310;Electronic;29/07/1990
The Bright Sky;Vintage Culture;370;Deep House, Electronic;10/11/2003
Burning Road;Vintage Culture;460;Electronic;05/01/1972
The Wild Sound;Swedish House Mafia;310;EDM, Progressive House;06/03/1970
Midnight Heart;Swedish House Mafia;260;Progressive House;27/01/1991
Lonely Dream;Swedish House Mafia;360;EDM;01/05/1986
The Lost Sky;Swedish House Mafia;430;Progressive House;23/12/2014
Burning Lights;Swedish House Mafia;290;EDM;01/10/2022
Sweet River;Swedish House Mafia;220;Progressive House;23/07/1960
The Old Sky;Swedish House Mafia;370;EDM;04/09/2020
Dancing Stars;Swedish House Mafia;320;Progressive House;13/06/1969
The Bright Sky;Swedish House Mafia;260;EDM, Progressive House;02/11/1994
Golden Echo of Love;Swedish House Mafia;470;Progressive House;18/07/1971
The Sweet Sound;Tiësto;250;Trance, EDM;01/02/1992
Silent Night;Tiësto;300;EDM;31/05/1991
Lonely Heart of Sky;Tiësto;350;Trance;21/10/1970
The Lost River;Tiësto;320;EDM;06/03/2024
Bright Lights;Tiësto;330;Trance;14/12/2015
Whispering Echo;Tiësto;430;EDM;20/05/2007
Burning Stars;Tiësto;310;Trance;05/04/1962
The Old Road;Tiësto;330;EDM;09/01/1981
Golden Dream;Tiësto;480;Trance, EDM;21/06/1996
Midnight Sky of Night;Tiësto;280;EDM;10/06/1996
The Electric Dream;Calvin Harris;360;EDM, Dance-Pop;26/07/1990
Golden River;Calvin Harris;400;Dance-Pop;23/04/2015
Lonely Road;Calvin Harris;300;EDM;11/10/1980
The Lost Echo;Calvin Harris;782;Dance-Pop;04/11/1974
Whispering Stars;Calvin Harris;430;EDM;29/03/1964
Sweet Sound;Calvin Harris;250;Dance-Pop;29/06/2001
Broken Sky;Calvin Harris;240;EDM;13/12/2011
The New Stars;Calvin Harris;310;Dance-Pop;31/03/2011
Bright Night;Calvin Harris;460;EDM, Dance-Pop;17/01/2005
Burning Heart of Night;Calvin Harris;320;Dance-Pop;28/11/1980
The Lonely Stars;Avicii;310;EDM, House;20/05/1962
Sweet River;Avicii;380;House;23/10/2013
The Old Sound;Avicii;240;EDM;24/02/1994
Bright Sky;Avicii;480;House;10/05/1966
Lost Road of Shadow;Avicii;320;EDM;18/03/1989
Silent Dream;Avicii;300;House;02/02/1965
Whispering Heart;Avicii;320;EDM;10/03/2018
Broken Fire;Avicii;370;House;19/11/1980
The New Sound;Avicii;250;EDM, House;18/12/1971
Burning Stars of Night;Avicii;460;House;01/06/2017
