The Broken Road;Rolling Stones;6:39;Rock, Blues Rock;13/09/1974
Midnight Echo of Shadows;Rolling Stones;3:22;Rock;25/03/2011
Lonely Stars;Rolling Stones;4:44;Blues Rock;22/11/1974
The Sweet Sound;Rolling Stones;6:29;Rock;13/08/1962
Lost River of Night;Rolling Stones;4:17;Rock, Blues Rock;02/01/1978
Broken Sound;Rolling Stones;4:30;Blues Rock;01/06/2007
The Old Stars;Rolling Stones;3:32;Rock;06/05/2011
Silent Journey;Rolling Stones;6:40;Blues Rock;12/02/2019
Sweet River;Rolling Stones;5:46;Rock;22/09/1999
Dancing Dream of Night;Coldplay;6:42;Alternative, Rock;18/02/2008
The New Lights;Coldplay;7:03;Alternative;28/08/1992
Golden Fire;Coldplay;7:20;Rock;14/04/1993
The Midnight Dream;Coldplay;4:15;Alternative;29/12/1984
Lost Road;Coldplay;4:02;Rock;05/07/2007
The Singing Stars;Coldplay;5:39;Alternative, Rock;24/02/1975
Chasing the River;Coldplay;5:00;Alternative;22/05/1985
Golden Song of Day;Coldplay;4:31;Rock;09/06/2006
Silent Road;Coldplay;4:51;Alternative;07/07/2005
Midnight Journey of Shadows;Adele;6:44;Pop, Soul;22/04/1991
The Sweet Soul;Adele;4:40;Pop;18/10/1970
Lonely Heart;Adele;4:42;Soul;15/09/1997
The Lost Dream;Adele;7:55;Pop;08/01/1973
Falling Stars;Adele;6:50;Soul;04/02/1974
The Silent Sound;Adele;5:15;Pop, Soul;23/07/1962
Whispering Echo;Adele;3:40;Soul;28/12/1998
Sweet Fire;Adele;6:00;Pop;23/06/2020
Broken Dream of Sky;Adele;3:53;Soul;24/02/1967
The Midnight Sky;The Weeknd;7:50;R&B, Electronic;05/03/2012
Sweet Echo of Night;The Weeknd;5:01;Pop, R&B;24/12/1980
Bright Heart;The Weeknd;7:22;Electronic;08/05/1963
The Lost Soul;The Weeknd;3:48;R&B;06/05/1999
Lonely Dream;The Weeknd;6:35;Pop;28/04/1980
Whispering Road;The Weeknd;6:40;Electronic;07/05/1996
Electric Heart;The Weeknd;5:08;R&B;04/02/1980
The Dancing Echo;The Weeknd;6:58;Pop;30/06/1994
Burning Stars;The Weeknd;5:39;Electronic;21/06/1964
The Golden Echo;Metallica;7:14;Metal, Thrash Metal;12/10/1998
Midnight Fire;Metallica;4:21;Metal;28/10/1992
Lonely Dream of River;Metallica;5:26;Thrash Metal;10/04/2001
The Silent Sound;Metallica;4:16;Metal;31/03/2018
Broken Heart;Metallica;7:46;Thrash Metal;19/06/1960
The Lost Road;Metallica;7:31;Metal;17/10/1965
Wild Fire;Metallica;6:58;Thrash Metal;24/07/1998
Burning Dream;Metallica;5:16;Metal;09/12/2000
Dark Heart of Sound;Metallica;6:17;Thrash Metal;09/07/1985
Lost Echo;Metallica;5:56;Metal;25/11/2006
The Chasing Sky;Linkin Park;4:26;Alternative, Nu Metal;04/08/1984
Whispering Shadows;Linkin Park;4:36;Nu Metal;13/09/1970
Lonely Echo;Linkin Park;4:54;Alternative;25/08/1997
The Midnight Road;Linkin Park;5:16;Nu Metal;16/12/1996
Broken Dream;Linkin Park;3:29;Alternative;16/09/1968
Wild Heart;Linkin Park;4:25;Nu Metal;03/06/2014
The Dancing Dream;Linkin Park;4:16;Alternative, Nu Metal;22/10/2004
Bright Stars of Sky;Linkin Park;5:01;Nu Metal;27/10/1975
Burning Echo;Linkin Park;7:57;Alternative;11/02/2010
The Midnight River;Daft Punk;7:05;Electronic, House;22/07/2002
Electric Sound;Daft Punk;4:36;House, Disco;08/09/1962
Golden Fire;Daft Punk;5:26;Electronic;21/08/2016
The Silent Night;Daft Punk;3:25;House;21/12/2016
Lost Dream of Sound;Daft Punk;6:28;Electronic, Disco;10/07/1980
Dancing Lights;Daft Punk;3:51;House;20/06/1999
Bright Sky;Daft Punk;6:47;Electronic;29/11/1983
The Sweet Sound;Daft Punk;4:17;House;19/06/1995
Midnight Stars;Daft Punk;4:59;Electronic, Disco;16/04/1998
Broken Heart;Daft Punk;6:13;House;30/03/1977
The Golden Dream;Rosalía;6:42;Flamenco Pop, R&B;18/10/1997
Dancing Stars;Rosalía;7:44;R&B;28/01/1965
Wild Heart;Rosalía;7:50;Flamenco Pop;12/06/1960
The Silent Echo;Rosalía;5:07;R&B;15/02/1986
Lost Fire;Rosalía;6:23;Flamenco Pop, R&B;12/03/1976
Midnight City;Rosalía;3:43;R&B;02/08/2003
Lonely Road;Rosalía;5:02;Flamenco Pop;29/06/1987
The Singing Heart;Rosalía;4:26;R&B;07/11/2024
Bright Stars;Rosalía;5:28;Flamenco Pop;02/03/2005
Broken Echo of Sky;Rosalía;3:22;R&B;18/11/1966
The Midnight Road;Guns N' Roses;5:27;Hard Rock;11/04/2020
Golden Fire;Guns N' Roses;5:20;Hard Rock, Glam Metal;16/04/1985
Wild Heart;Guns N' Roses;6:37;Glam Metal;25/11/1961
The Lost Sound;Guns N' Roses;7:02;Hard Rock;14/04/2024
Whispering Stars;Guns N' Roses;4:29;Glam Metal;26/07/1995
Lonely Echo;Guns N' Roses;5:01;Hard Rock;20/09/1970
Burning Dream;Guns N' Roses;5:55;Glam Metal;22/06/2024
The Sweet Echo;Guns N' Roses;6:03;Hard Rock;28/06/1994
Bright Dream;Guns N' Roses;3:55;Glam Metal;26/09/1987
The Silent Road;Billie Eilish;4:00;Pop, Alternative;16/02/1966
Lost Fire;Billie Eilish;4:23;Alternative;08/12/1998
Midnight Heart;Billie Eilish;7:43;Pop;02/10/2019
Whispering River;Billie Eilish;5:52;Alternative;23/10/2001
Lonely Echo of Shadow;Billie Eilish;3:40;Pop;08/11/1970
Broken Lights;Billie Eilish;7:53;Alternative;11/02/1981
The Sweet Sky;Billie Eilish;6:10;Pop;10/08/1983
Dark Dream;Billie Eilish;7:23;Alternative;31/10/2017
Bright Night;Billie Eilish;6:28;Pop, Alternative;09/01/1970
The Wild Sound;Lil Nas X;5:55;Hip Hop, Country Rap;11/06/1970
Midnight Heart;Lil Nas X;4:29;Country Rap;05/06/1972
Lonely Dream;Lil Nas X;5:48;Hip Hop;05/11/1963
The Lost Sky;Lil Nas X;6:57;Country Rap;23/08/2024
Burning Lights;Lil Nas X;4:13;Hip Hop;29/07/1974
Sweet River;Lil Nas X;3:23;Country Rap;24/03/1983
The Old Sky;Lil Nas X;6:31;Hip Hop;22/03/1988
Dancing Stars;Lil Nas X;5:20;Country Rap;20/08/2000
The Bright Sky;Lil Nas X;3:50;Hip Hop;18/01/1984
Golden Echo of Love;Lil Nas X;7:42;Country Rap;07/10/2000
The Sweet Sound;Harry Styles;7:10;Pop, Rock;21/05/1973
Silent Night;Harry Styles;4:22;Pop;14/12/2017
Lonely Heart of Sky;Harry Styles;5:08;Rock;12/05/2002
The Lost River;Harry Styles;4:45;Pop;29/09/1973
Bright Lights;Harry Styles;4:50;Rock;30/03/2001
Whispering Echo;Harry Styles;6:33;Pop;05/12/2000
Burning Stars;Harry Styles;4:34;Rock;25/03/2024
The Old Road;Harry Styles;4:57;Pop;02/06/2019
Golden Dream;Harry Styles;7:45;Rock;22/01/1980
Midnight Sky of Night;Harry Styles;4:00;Pop;11/02/1989
The Electric Heart;The Beatles;3:58;Pop, Classic Rock;01/11/2001
Golden Dream;The Beatles;4:54;Classic Rock, Pop;31/01/2016
Whispering Stars;The Beatles;5:14;Pop;02/01/2023
The Sweet River;The Beatles;6:31;Classic Rock;20/09/2017
Lonely Road;The Beatles;7:05;Pop;15/05/2006
Broken Dream;The Beatles;3:42;Classic Rock;05/05/1974
The Old Sound;The Beatles;5:23;Pop;17/09/1988
Dancing Lights;The Beatles;7:50;Classic Rock;02/12/1980
Bright Sky;The Beatles;4:14;Pop, Classic Rock;17/08/2019
Midnight Echo of Sky;The Beatles;3:31;Classic Rock;30/11/1988
The Lost River;Skank;6:03;Brazilian Pop, Reggae;23/08/1965
Dancing Dream;Skank;5:38;Brazilian Pop;25/12/1962
Golden Stars;Skank;5:33;Reggae, Rock;03/08/2008
The Silent Night;Skank;7:05;Brazilian Pop;09/09/1994
Lonely Sound;Skank;3:54;Reggae;04/11/1962
Broken Heart of Sky;Skank;4:08;Brazilian Pop;06/12/1976
Wild Fire;Skank;4:22;Reggae;26/03/2016
The Sweet Dream;Skank;5:50;Brazilian Pop, Rock;24/10/1966
Bright Road;Skank;3:50;Reggae;02/04/1995
Midnight City of Night;Skank;4:53;Brazilian Pop;10/07/2007
The Bright Sky;Maroon 5;3:30;Pop, Funk Rock;13/11/1976
Golden Fire;Maroon 5;5:02;Funk Rock;25/04/2000
Midnight Road;Maroon 5;5:40;Pop;08/09/1983
The Dancing Lights;Maroon 5;3:23;Funk Rock;13/10/1964
Lost River of Shadow;Maroon 5;4:06;Pop;11/12/2017
Silent Sound;Maroon 5;5:22;Funk Rock;23/01/2002
Whispering Dream;Maroon 5;7:15;Pop;14/04/1964
Broken Sky;Maroon 5;7:11;Funk Rock;05/02/1996
The New Dream;Maroon 5;5:38;Pop;16/01/2014
Burning Heart;Maroon 5;6:02;Funk Rock;20/03/1990
The Old Song;Taylor Swift;3:46;Pop, Country;15/12/1994
Lonely Heart;Taylor Swift;4:38;Country;24/12/1974
Silent Stars;Taylor Swift;5:39;Pop;22/12/1964
The Bright Sky;Taylor Swift;7:13;Country;12/06/1997
Lost River of Night;Taylor Swift;4:01;Pop;28/08/2008
Whispering Echo;Taylor Swift;5:47;Country;13/12/1974
Sweet Dream;Taylor Swift;7:32;Pop;12/03/1967
Broken Road;Taylor Swift;6:38;Country;18/08/1977
The Burning Stars;Taylor Swift;5:06;Pop, Country;21/12/1967
Golden Night of Sound;Taylor Swift;4:20;Country;12/05/2022
The Wild Dream;Kendrick Lamar;5:41;Hip Hop, Rap;16/01/1991
Midnight Sky;Kendrick Lamar;4:25;Rap;09/08/1964
Lonely Lights;Kendrick Lamar;6:32;Hip Hop;12/01/2006
The Lost Road;Kendrick Lamar;7:40;Rap;01/10/1973
Burning Fire;Kendrick Lamar;5:27;Hip Hop;18/02/1960
Sweet River;Kendrick Lamar;3:33;Rap;24/12/1967
The Silent Sound;Kendrick Lamar;6:45;Hip Hop;22/02/1992
Dark Echo;Kendrick Lamar;5:46;Rap;17/06/1986
Bright Night;Kendrick Lamar;5:00;Hip Hop;05/10/1999
Golden Heart of Sky;Kendrick Lamar;3:26;Rap;29/08/1973
The Electric Dream;J Balvin;5:46;Reggaeton, Latin Pop;19/09/1973
Golden River;J Balvin;6:23;Latin Pop;24/02/1970
Lonely Road;J Balvin;4:49;Reggaeton;31/08/1991
The Lost Echo;J Balvin;3:35;Latin Pop;02/12/2021
Whispering Stars;J Balvin;6:55;Reggaeton;25/05/2002
Sweet Sound;J Balvin;3:57;Latin Pop;09/07/1989
Broken Sky;J Balvin;3:40;Reggaeton;18/10/2016
The New Stars;J Balvin;4:58;Latin Pop;31/10/2005
Bright Night;J Balvin;7:23;Reggaeton;22/04/1991
Burning Heart of Night;J Balvin;5:00;Latin Pop;08/05/2008
The Sweet Sound;Beyoncé;3:31;R&B, Pop;19/05/1998
Midnight City;Beyoncé;4:54;Pop;18/07/1986
Lonely Heart;Beyoncé;7:45;Soul;06/12/1971
The Lost Dream;Beyoncé;6:14;R&B;05/06/1965
Burning Stars;Beyoncé;5:10;Pop;04/08/1980
Whispering Echo;Beyoncé;7:59;Soul;09/09/2021
Bright Sky;Beyoncé;5:05;R&B;12/08/1989
The Dancing Echo;Beyoncé;4:05;Pop;18/07/2003
Golden Fire;Beyoncé;3:54;Soul;13/10/2009
Broken Road;Beyoncé;4:50;R&B, Pop;25/02/1967
The Wild Sky;Red Hot Chili Peppers;4:56;Funk Rock, Alternative;27/06/2003
Midnight Dream;Red Hot Chili Peppers;3:50;Alternative;01/02/1967
Lonely Lights;Red Hot Chili Peppers;5:57;Funk Rock;27/12/1981
The Lost River;Red Hot Chili Peppers;3:26;Alternative;17/04/1988
Burning Fire;Red Hot Chili Peppers;4:31;Funk Rock;16/11/1974
Sweet Sound;Red Hot Chili Peppers;5:16;Alternative;27/08/2012
The Silent Road;Red Hot Chili Peppers;7:32;Funk Rock;14/07/2019
Dark Echo;Red Hot Chili Peppers;7:28;Alternative;17/10/2002
Bright Night;Red Hot Chili Peppers;6:28;Funk Rock, Alternative;16/10/2015
Golden Heart of Sound;Red Hot Chili Peppers;6:04;Alternative;28/06/1972
The Golden Night;Olivia Rodrigo;4:09;Pop, Alternative;10/06/2002
Whispering Dream;Olivia Rodrigo;7:46;Alternative;10/06/1992
Lonely Stars;Olivia Rodrigo;5:31;Pop;04/07/2013
The Silent Road;Olivia Rodrigo;7:58;Alternative;01/03/2003
Lost Fire;Olivia Rodrigo;3:28;Pop;20/11/1982
Midnight Echo;Olivia Rodrigo;4:27;Alternative;23/01/1986
Sweet River;Olivia Rodrigo;3:24;Pop;25/06/1989
Broken Sound;Olivia Rodrigo;4:55;Alternative;16/11/2015
The Bright Sky;Olivia Rodrigo;5:54;Pop, Alternative;26/02/1996
Burning Road;Olivia Rodrigo;7:21;Alternative;18/05/2018
The Wild Dream;Caetano Veloso;4:40;MPB, Tropicalia;03/03/2020
Midnight Sky;Caetano Veloso;5:46;Tropicalia;13/07/1996
Lonely Lights;Caetano Veloso;5:31;MPB;12/04/1975
The Lost Road;Caetano Veloso;5:08;Tropicalia;17/09/2010
Burning Fire;Caetano Veloso;5:51;MPB;05/11/1990
Sweet River;Caetano Veloso;6:42;Tropicalia;24/07/1990
The Silent Sound;Caetano Veloso;7:38;MPB;14/07/1973
Dark Echo;Caetano Veloso;5:06;Tropicalia;24/06/2016
Bright Night;Caetano Veloso;6:55;MPB, Tropicalia;24/07/1960
Golden Heart of Sound;Caetano Veloso;6:10;Tropicalia;29/09/2011
The Bright Night;Sia;3:40;Pop, Electronic;02/02/2020
Golden Dream;Sia;6:23;Electronic;28/02/2008
Midnight Stars;Sia;4:27;Pop;21/01/1993
The Dancing Lights;Sia;5:15;Electronic;14/11/2020
Lost River of Night;Sia;5:40;Pop;12/05/2007
Silent Sound;Sia;6:12;Electronic;01/05/1995
Whispering Echo;Sia;6:53;Pop;06/10/2021
Broken Sky;Sia;4:55;Electronic;02/04/2009
The New Dream;Sia;6:47;Pop;26/08/1979
Burning Heart;Sia;4:34;Electronic;25/07/1980
The Burning Road;Drake;6:41;Hip Hop, Trap;22/01/1997
Midnight Dream;Drake;5:27;R&B;28/02/1969
Lonely Heart;Drake;5:45;Hip Hop;24/10/2018
The Lost Sky;Drake;4:13;R&B;21/09/2014
Dancing Lights;Drake;7:15;Hip Hop;06/06/1990
Sweet River;Drake;6:38;Trap;03/05/2012
The Old Sound;Drake;5:14;Hip Hop, R&B;27/05/1978
Dark Echo;Drake;4:26;Trap;26/03/1974
Bright Night;Drake;4:31;Hip Hop;26/10/2013
Golden Dream of Sky;Drake;6:36;R&B;12/06/1962
The Wild Dream;Avicii;6:55;EDM, House;22/12/1983
Midnight Sky;Avicii;7:14;House;25/12/1966
Lonely Lights;Avicii;5:27;EDM;23/11/2000
The Lost Road;Avicii;3:44;House;23/09/1972
Burning Fire;Avicii;4:19;EDM;11/04/1965
Sweet River;Avicii;5:01;House;11/07/1962
The Silent Sound;Avicii;6:05;EDM;28/10/1970
Dark Echo;Avicii;6:40;House;14/06/1966
Bright Night;Avicii;5:33;EDM, House;17/04/1989
Golden Heart of Sound;Avicii;6:12;House;07/01/1992
The Silent River;Roberto Carlos;5:19;MPB, Brazilian Pop;07/08/2001
Lonely Heart;Roberto Carlos;4:25;Brazilian Pop;03/03/2005
Whispering Dream;Roberto Carlos;7:45;MPB;07/03/2000
The Lost Sound;Roberto Carlos;5:56;Brazilian Pop;16/12/2005
Burning Stars;Roberto Carlos;3:40;MPB;21/03/1963
Sweet Sky;Roberto Carlos;4:10;Brazilian Pop;04/03/1984
The New Road;Roberto Carlos;3:20;MPB, Brazilian Pop;02/08/2015
Golden Fire;Roberto Carlos;4:40;Brazilian Pop;22/07/1967
Bright Dream of Night;Roberto Carlos;6:40;MPB;02/10/1981
Midnight Echo of Sky;Roberto Carlos;5:05;Brazilian Pop;11/01/1992
The Electric Heart;Beyoncé;4:50;R&B, Soul;12/04/1979
Golden River;Beyoncé;5:10;Pop;01/02/2004
Lonely Road;Beyoncé;5:50;R&B;18/02/1992
The Lost Echo;Beyoncé;4:35;Soul;17/03/1980
Whispering Stars;Beyoncé;6:20;Pop;14/04/2013
Sweet Sound;Beyoncé;3:40;R&B;19/11/1977
Broken Sky;Beyoncé;5:30;Soul;10/01/2014
The New Stars;Beyoncé;6:40;Pop;01/09/1960
Bright Night;Beyoncé;4:20;R&B, Soul;19/07/1965
Burning Heart of Night;Beyoncé;5:00;Pop;02/10/1975
The Lonely Stars;Red Hot Chili Peppers;4:54;Funk Rock, Alternative;20/04/1969
Sweet River;Red Hot Chili Peppers;6:03;Alternative;29/01/2020
The Old Sound;Red Hot Chili Peppers;3:48;Funk Rock;19/08/1997
Bright Sky;Red Hot Chili Peppers;7:58;Alternative;23/10/2004
Lost Road of Shadow;Red Hot Chili Peppers;5:07;Funk Rock;30/09/1988
Silent Dream;Red Hot Chili Peppers;4:48;Alternative;16/05/1996
Whispering Heart;Red Hot Chili Peppers;5:01;Funk Rock;20/05/1976
Broken Fire;Red Hot Chili Peppers;5:51;Alternative;04/05/2017
The New Sound;Red Hot Chili Peppers;3:53;Funk Rock, Alternative;10/02/1995
Burning Stars of Night;Red Hot Chili Peppers;7:23;Alternative;05/10/1993
The Wild Dream;Coldplay;5:00;Alternative, Rock;29/11/1965
Midnight Sky;Coldplay;4:00;Rock;19/01/1991
Lonely Lights;Coldplay;6:20;Alternative;26/06/1997
The Lost Road;Coldplay;7:30;Rock;25/06/1995
Burning Fire;Coldplay;5:10;Alternative;15/10/1965
Sweet River;Coldplay;3:20;Rock;15/09/2010
The Silent Sound;Coldplay;6:40;Alternative;29/01/2005
Dark Echo;Coldplay;5:50;Rock;25/04/1980
Bright Night;Coldplay;4:50;Alternative, Rock;10/03/1987
Golden Heart of Sound;Coldplay;6:10;Rock;18/01/2007
The Electric Heart;The Weeknd;7:30;R&B, Pop;30/04/1962
Golden River;The Weeknd;5:00;Electronic;28/09/1994
Lonely Road;The Weeknd;6:00;Pop;29/10/1961
The Lost Echo;The Weeknd;4:40;R&B;06/08/1997
Whispering Stars;The Weeknd;6:40;Electronic;14/11/1993
Sweet Sound;The Weeknd;3:50;Pop;14/01/2023
Broken Sky;The Weeknd;5:40;R&B;25/01/1975
The New Stars;The Weeknd;6:30;Electronic;19/04/1997
Bright Night;The Weeknd;4:30;Pop;23/08/1999
Burning Heart of Night;The Weeknd;5:10;R&B, Electronic;23/12/1998
The Golden Dream;Olivia Rodrigo;4:40;Pop, Alternative;27/11/2000
Dancing Stars;Olivia Rodrigo;5:30;Alternative;05/05/1994
Wild Heart;Olivia Rodrigo;6:30;Pop;18/10/1980
The Silent Echo;Olivia Rodrigo;4:00;Alternative;11/11/1988
Lost Fire;Olivia Rodrigo;5:10;Pop;12/03/1980
Midnight City;Olivia Rodrigo;3:20;Alternative;25/02/2000
Lonely Road;Olivia Rodrigo;5:20;Pop;23/04/1992
The Singing Heart;Olivia Rodrigo;4:30;Alternative;19/09/1967
Bright Stars;Olivia Rodrigo;5:50;Pop, Alternative;17/02/1993
Broken Echo of Sky;Olivia Rodrigo;3:30;Alternative;23/01/1967
The Midnight Road;Taylor Swift;5:40;Pop, Country;23/01/1997
Golden Fire;Taylor Swift;5:00;Country;27/03/2018
Wild Heart;Taylor Swift;6:20;Pop;11/06/2000
The Lost Sound;Taylor Swift;6:50;Country;28/01/2014
Whispering Stars;Taylor Swift;4:10;Pop;07/11/2017
Lonely Echo;Taylor Swift;5:10;Country;01/03/2017
Burning Dream;Taylor Swift;6:00;Pop;17/05/2001
The Sweet Echo;Taylor Swift;6:10;Country;01/08/1971
Bright Dream;Taylor Swift;4:00;Pop, Country;21/01/1993
The Silent Road;Taylor Swift;4:40;Country;31/07/2005
The Bright Night;Harry Styles;4:10;Pop, Rock;07/01/1961
Golden Dream;Harry Styles;6:40;Rock;05/12/1998
Midnight Stars;Harry Styles;5:00;Pop;29/09/1997
The Dancing Lights;Harry Styles;5:50;Rock;17/11/1965
Lost River of Night;Harry Styles;5:20;Pop;06/06/1983
Silent Sound;Harry Styles;6:20;Rock;30/08/1985
Whispering Echo;Harry Styles;7:00;Pop;04/02/1988
Broken Sky;Harry Styles;5:00;Rock;07/07/2010
The New Dream;Harry Styles;6:50;Pop;26/10/1999
Burning Heart;Harry Styles;4:40;Rock;25/12/1977
The Wild Sound;Skank;6:20;Brazilian Pop, Rock;27/06/1990
Midnight Heart;Skank;4:10;Brazilian Pop;27/01/1973
Lonely Dream;Skank;5:30;Reggae;08/02/1998
The Lost Sky;Skank;6:40;Rock;11/08/2021
Burning Lights;Skank;4:30;Brazilian Pop;02/02/1981
Sweet River;Skank;3:40;Reggae;01/09/1983
The Old Sky;Skank;5:50;Rock;05/08/1990
Dancing Stars;Skank;5:00;Brazilian Pop;07/05/2017
The Bright Sky;Skank;4:00;Reggae, Rock;17/03/1983
Golden Echo of Love;Skank;7:50;Brazilian Pop;27/05/1988
The Sweet Sound;Rosalía;3:40;Flamenco Pop, R&B;18/04/1979
Silent Night;Rosalía;4:30;R&B;10/10/1990
Lonely Heart of Sky;Rosalía;5:20;Flamenco Pop;01/12/2020
The Lost River;Rosalía;4:50;R&B;06/06/1970
Bright Lights;Rosalía;5:00;Flamenco Pop;03/04/1974
Whispering Echo;Rosalía;6:40;R&B;17/05/2024
Burning Stars;Rosalía;4:40;Flamenco Pop;13/06/1964
The Old Road;Rosalía;5:00;R&B;10/03/1968
Golden Dream;Rosalía;7:50;Flamenco Pop, R&B;31/03/1971
Midnight Sky of Night;Rosalía;4:10;R&B;26/06/1987
The Electric Dream;Maroon 5;5:50;Pop, Funk Rock;30/05/1990
Golden River;Maroon 5;6:30;Funk Rock;02/10/1961
Lonely Road;Maroon 5;4:50;Pop;23/10/1989
The Lost Echo;Maroon 5;3:40;Funk Rock;08/12/1983
Whispering Stars;Maroon 5;7:00;Pop;16/08/1977
Sweet Sound;Maroon 5;4:00;Funk Rock;30/11/1963
Broken Sky;Maroon 5;3:50;Pop;01/09/1994
The New Stars;Maroon 5;5:00;Funk Rock;04/01/1993
Bright Night;Maroon 5;7:30;Pop, Funk Rock;08/08/1964
Burning Heart of Night;Maroon 5;5:10;Funk Rock;24/07/1964
The Midnight Road;Roberto Carlos;5:30;MPB, Brazilian Pop;28/05/2006
Golden Fire;Roberto Carlos;5:10;Brazilian Pop;12/01/2004
Wild Heart;Roberto Carlos;6:10;MPB;28/10/1971
The Lost Sound;Roberto Carlos;6:40;Brazilian Pop;22/02/2010
Whispering Stars;Roberto Carlos;4:20;MPB;24/09/2007
Lonely Echo;Roberto Carlos;5:00;Brazilian Pop;02/02/1968
Burning Dream;Roberto Carlos;5:50;MPB, Brazilian Pop;07/10/1991
The Sweet Echo;Roberto Carlos;6:00;Brazilian Pop;20/03/2021
Bright Dream;Roberto Carlos;4:00;MPB;07/07/1987
The Silent Road;Roberto Carlos;4:50;Brazilian Pop;09/10/1986
The Wild Dream;Billie Eilish;4:50;Pop, Alternative;18/08/2023
Midnight Sky;Billie Eilish;3:50;Alternative;13/05/2017
Lonely Lights;Billie Eilish;5:40;Pop;26/02/1974
The Lost Road;Billie Eilish;6:50;Alternative;24/05/1968
Burning Fire;Billie Eilish;4:40;Pop;02/03/1980
Sweet River;Billie Eilish;3:20;Alternative;28/01/1961
The Silent Sound;Billie Eilish;6:30;Pop;14/02/1980
Dark Echo;Billie Eilish;5:30;Alternative;08/01/1966
Bright Night;Billie Eilish;4:50;Pop, Alternative;26/12/2006
Golden Heart of Sound;Billie Eilish;6:00;Alternative;07/07/2005
The Electric Heart;Rihanna;4:10;R&B, Dance;10/01/1996
Golden River;Rihanna;5:00;Pop;25/09/2010
Lonely Road;Rihanna;5:40;Dance;07/03/2011
The Lost Echo;Rihanna;4:20;R&B;03/11/1982
Whispering Stars;Rihanna;6:30;Pop;22/03/1980
Sweet Sound;Rihanna;3:30;Dance;12/09/2018
Broken Sky;Rihanna;5:20;R&B;14/09/1999
The New Stars;Rihanna;6:10;Pop;07/10/1963
Bright Night;Rihanna;4:10;Dance;15/07/1992
Burning Heart of Night;Rihanna;4:50;R&B, Pop;27/11/2013
The Golden Night;Lady Gaga;4:20;Pop, Dance;11/04/1987
Whispering Dream;Lady Gaga;7:50;Dance;05/06/2017
Lonely Stars;Lady Gaga;5:40;Pop;12/06/1991
The Silent Road;Lady Gaga;7:40;Dance;07/07/2014
Lost Fire;Lady Gaga;3:30;Pop;25/06/1992
Midnight Echo;Lady Gaga;4:30;Dance;07/04/2014
Sweet River;Lady Gaga;3:20;Pop;22/08/1995
Broken Sound;Lady Gaga;5:00;Dance;31/12/2014
The Bright Sky;Lady Gaga;6:00;Pop, Dance;30/10/2010
Burning Road;Lady Gaga;7:30;Dance;02/08/2001
The Wild Sound;Twenty One Pilots;5:00;Alternative, Pop;28/10/2024
Midnight Heart;Twenty One Pilots;4:10;Pop;07/09/1994
Lonely Dream;Twenty One Pilots;5:50;Alternative;17/07/1972
The Lost Sky;Twenty One Pilots;7:00;Pop;07/05/2023
Burning Lights;Twenty One Pilots;4:40;Alternative;14/10/2012
Sweet River;Twenty One Pilots;3:30;Pop;23/07/1997
The Old Sky;Twenty One Pilots;6:00;Alternative;29/11/1998
Dancing Stars;Twenty One Pilots;5:10;Pop;23/06/2003
The Bright Sky;Twenty One Pilots;4:10;Alternative, Pop;07/09/1987
Golden Echo of Love;Twenty One Pilots;7:40;Pop;15/08/1985
The Sweet Sound;Bruno Mars;3:50;Funk, Pop;11/10/1960
Silent Night;Bruno Mars;4:40;R&B;12/05/1973
Lonely Heart of Sky;Bruno Mars;5:30;Pop;17/10/2004
The Lost River;Bruno Mars;5:00;Funk;04/02/1962
Bright Lights;Bruno Mars;5:10;R&B;13/10/2014
Whispering Echo;Bruno Mars;6:50;Pop;04/03/1999
Burning Stars;Bruno Mars;4:50;Funk;28/01/2019
The Old Road;Bruno Mars;5:10;R&B;22/01/1983
Golden Dream;Bruno Mars;8:00;Pop, Funk;14/10/2018
Midnight Sky of Night;Bruno Mars;4:20;R&B;08/03/2021
The Electric Dream;Roberto Carlos;15:52;MPB, Brazilian Pop;02/03/1976
Golden River;Roberto Carlos;6:30;Brazilian Pop;08/02/1994
Lonely Road;Roberto Carlos;4:50;MPB;30/09/1966
The Lost Echo;Roberto Carlos;3:40;Brazilian Pop;11/05/1972
Whispering Stars;Roberto Carlos;7:00;MPB;07/01/2008
Sweet Sound;Roberto Carlos;4:00;Brazilian Pop;12/05/1975
Broken Sky;Roberto Carlos;3:50;MPB;19/04/2002
The New Stars;Roberto Carlos;5:00;Brazilian Pop;11/07/2015
Bright Night;Roberto Carlos;7:30;MPB, Brazilian Pop;15/02/1976
Burning Heart of Night;Roberto Carlos;5:10;Brazilian Pop;29/06/2012
The Lonely Stars;Eminem;5:00;Hip Hop, Rap;27/06/2001
Sweet River;Eminem;6:10;Rap;29/06/1987
The Old Sound;Eminem;3:50;Hip Hop;22/09/1992
Bright Sky;Eminem;8:00;Rap;05/09/1966
Lost Road of Shadow;Eminem;5:10;Hip Hop;07/06/1966
Silent Dream;Eminem;4:50;Rap;18/09/1976
Whispering Heart;Eminem;5:10;Hip Hop;22/11/1999
Broken Fire;Eminem;6:00;Rap;14/04/1987
The New Sound;Eminem;4:00;Hip Hop, Rap;29/01/1966
Burning Stars of Night;Eminem;7:30;Rap;03/01/1996
The Wild Dream;Queen;5:10;Rock, Classic Rock;16/08/1988
Midnight Sky;Queen;4:10;Classic Rock;11/10/2000
Lonely Lights;Queen;6:00;Rock;25/01/1974
The Lost Road;Queen;7:10;Classic Rock;04/12/2018
Burning Fire;Queen;4:50;Rock;08/11/1962
Sweet River;Queen;3:30;Classic Rock;31/08/2003
The Silent Sound;Queen;6:40;Rock;05/01/2001
Dark Echo;Queen;5:40;Classic Rock;06/11/2024
Bright Night;Queen;5:00;Rock, Classic Rock;18/05/1987
Golden Heart of Sound;Queen;6:10;Classic Rock;29/01/1965
The Electric Heart;Bruno Mars;4:20;Funk, Pop;25/05/1977
Golden River;Bruno Mars;5:10;R&B;01/12/1974
Lonely Road;Bruno Mars;5:50;Pop;21/12/1964
The Lost Echo;Bruno Mars;4:30;Funk;31/08/2001
Whispering Stars;Bruno Mars;6:40;R&B;29/10/2014
Sweet Sound;Bruno Mars;3:40;Pop;10/07/2010
Broken Sky;Bruno Mars;5:30;Funk;20/06/2012
The New Stars;Bruno Mars;6:20;R&B;22/02/1961
Bright Night;Bruno Mars;4:20;Pop, Funk;14/11/1982
Burning Heart of Night;Bruno Mars;5:00;R&B;02/09/2008
The Golden Dream;Ariana Grande;4:50;Pop, R&B;11/11/1993
Dancing Stars;Ariana Grande;5:40;R&B;27/01/2010
Wild Heart;Ariana Grande;6:40;Pop;26/07/1980
The Silent Echo;Ariana Grande;4:10;R&B;25/10/1977
Lost Fire;Ariana Grande;5:20;Pop;04/12/2019
Midnight City;Ariana Grande;3:30;R&B;26/09/1984
Lonely Road;Ariana Grande;5:30;Pop;03/02/1988
The Singing Heart;Ariana Grande;4:40;R&B;15/02/1971
Bright Stars;Ariana Grande;6:00;Pop, R&B;30/11/1999
Broken Echo of Sky;Ariana Grande;3:40;R&B;26/04/2007
The Midnight Road;Metallica;5:50;Metal, Thrash Metal;31/10/1991
Golden Fire;Metallica;5:10;Thrash Metal;26/03/2021
Wild Heart;Metallica;6:30;Metal;29/01/1971
The Lost Sound;Metallica;7:00;Thrash Metal;23/01/1980
Whispering Stars;Metallica;4:20;Metal;09/03/1976
Lonely Echo;Metallica;5:20;Thrash Metal;19/05/1972
Burning Dream;Metallica;6:10;Metal;30/01/1963
The Sweet Echo;Metallica;6:20;Thrash Metal;04/09/1970
Bright Dream;Metallica;4:10;Metal, Thrash Metal;24/07/2023
The Silent Road;Metallica;5:00;Thrash Metal;07/04/2003
The Bright Night;K-Pop;4:30;K-Pop, Pop;22/08/1973
Golden Dream;BTS;6:40;Pop;07/08/2011
Midnight Stars;BTS;5:00;K-Pop;01/03/1976
The Dancing Lights;BTS;5:50;Pop;16/04/2007
Lost River of Night;BTS;5:20;K-Pop;21/09/2016
Silent Sound;BTS;6:20;Pop;01/01/2005
Whispering Echo;BTS;7:00;K-Pop;06/09/1982
Broken Sky;BTS;5:00;Pop;25/10/1986
The New Dream;BTS;6:50;K-Pop;25/03/1972
Burning Heart;BTS;4:40;Pop;30/08/2002
The Wild Sound;AC/DC;5:20;Hard Rock, Blues Rock;16/05/1994
Midnight Heart;AC/DC;4:20;Blues Rock;12/09/1971
Lonely Dream;AC/DC;6:10;Hard Rock;17/03/1988
The Lost Sky;AC/DC;7:20;Blues Rock;04/11/1966
Burning Lights;AC/DC;4:50;Hard Rock;04/05/1985
Sweet River;AC/DC;3:40;Blues Rock;06/08/1982
The Old Sky;AC/DC;6:20;Hard Rock;18/07/1962
Dancing Stars;AC/DC;5:30;Blues Rock;30/03/2024
The Bright Sky;AC/DC;4:20;Hard Rock, Blues Rock;26/05/1960
Golden Echo of Love;AC/DC;7:50;Blues Rock;02/04/2006
The Sweet Sound;Maroon 5;4:00;Pop, Funk Rock;14/10/1972
Silent Night;Maroon 5;4:50;Funk Rock;20/03/1966
Lonely Heart of Sky;Maroon 5;5:40;Pop;22/11/2011
The Lost River;Maroon 5;5:10;Funk Rock;01/08/1996
Bright Lights;Maroon 5;5:20;Pop;25/07/2013
Whispering Echo;Maroon 5;7:00;Funk Rock;09/04/2000
Burning Stars;Maroon 5;5:00;Pop;25/03/2002
The Old Road;Maroon 5;5:20;Funk Rock;10/07/2013
Golden Dream;Maroon 5;8:00;Pop, Funk Rock;01/03/2015
Midnight Sky of Night;Maroon 5;4:30;Funk Rock;25/12/2010
The Electric Dream;Bad Bunny;6:00;Reggaeton, Trap Latino;22/01/2023
Golden River;Bad Bunny;6:40;Trap Latino;25/07/2015
Lonely Road;Bad Bunny;5:00;Reggaeton;31/05/1984
The Lost Echo;Bad Bunny;3:50;Trap Latino;09/04/2003
Whispering Stars;Bad Bunny;7:10;Reggaeton;20/09/1975
Sweet Sound;Bad Bunny;4:10;Trap Latino;17/06/2024
Broken Sky;Bad Bunny;4:00;Reggaeton;21/05/1996
The New Stars;Bad Bunny;5:10;Trap Latino;13/07/2011
Bright Night;Bad Bunny;7:40;Reggaeton, Trap Latino;17/12/2012
Burning Heart of Night;Bad Bunny;5:20;Trap Latino;15/09/2018
The Lonely Stars;Lil Nas X;5:10;Hip Hop, Country Rap;18/11/1995
Sweet River;Lil Nas X;6:20;Country Rap;30/07/1999
The Old Sound;Lil Nas X;4:00;Hip Hop;14/12/2008
Bright Sky;Lil Nas X;8:00;Country Rap;10/07/1978
Lost Road of Shadow;Lil Nas X;5:20;Hip Hop;27/07/1985
Silent Dream;Lil Nas X;5:00;Country Rap;09/09/2012
Whispering Heart;Lil Nas X;5:20;Hip Hop;07/04/1965
Broken Fire;Lil Nas X;6:10;Country Rap;27/12/2015
The New Sound;Lil Nas X;4:10;Hip Hop, Country Rap;31/08/1960
Burning Stars of Night;Lil Nas X;7:40;Country Rap;03/04/1980
The Wild Dream;Green Day;5:00;Punk Rock, Alternative;27/12/2004
Midnight Sky;Green Day;4:00;Alternative;27/04/1998
Lonely Lights;Green Day;5:50;Punk Rock;08/10/2022
The Lost Road;Green Day;7:00;Alternative;01/07/1998
Burning Fire;Green Day;4:40;Punk Rock;28/02/2006
Sweet River;Green Day;3:20;Alternative;29/01/2024
The Silent Sound;Green Day;6:30;Punk Rock;01/08/2015
Dark Echo;Green Day;5:30;Alternative;28/10/1985
Bright Night;Green Day;4:50;Punk Rock, Alternative;13/07/1993
Golden Heart of Sound;Green Day;6:00;Alternative;24/01/1977
The Electric Heart;Gilberto Gil;5:30;MPB, Tropicalia;29/12/2020
Golden River;Gilberto Gil;6:10;Tropicalia;04/10/1973
Lonely Road;Gilberto Gil;4:30;MPB;11/02/2008
The Lost Echo;Gilberto Gil;3:20;Tropicalia;24/11/1992
Whispering Stars;Gilberto Gil;6:40;MPB;10/10/2002
Sweet Sound;Gilberto Gil;3:40;Tropicalia;02/10/1975
Broken Sky;Gilberto Gil;3:30;MPB;19/06/1995
The New Stars;Gilberto Gil;4:40;Tropicalia;12/03/1992
Bright Night;Gilberto Gil;7:10;MPB, Tropicalia;09/02/1991
Burning Heart of Night;Gilberto Gil;4:50;Tropicalia;06/04/2022
The Golden Night;Khalid;4:30;R&B, Pop;25/09/1968
Whispering Dream;Khalid;8:00;Pop;09/10/1997
Lonely Stars;Khalid;5:50;R&B;17/02/2017
The Silent Road;Khalid;8:00;Pop;28/05/1990
Lost Fire;Khalid;3:40;R&B;15/07/1995
Midnight Echo;Khalid;4:40;Pop;04/07/1975
Sweet River;Khalid;3:30;R&B;10/09/1995
Broken Sound;Khalid;5:10;Pop;30/04/2011
The Bright Sky;Khalid;6:10;R&B, Pop;06/09/1970
Burning Road;Khalid;7:40;Pop;01/06/1968
The Wild Sound;Sia;5:10;Pop, Electronic;17/04/1968
Midnight Heart;Sia;4:20;Electronic;27/08/1986
Lonely Dream;Sia;6:00;Pop;09/05/1990
The Lost Sky;Sia;7:10;Electronic;16/09/2015
Burning Lights;Sia;4:50;Pop;09/04/2012
Sweet River;Sia;3:40;Electronic;24/09/1986
The Old Sky;Sia;6:10;Pop;30/04/1985
Dancing Stars;Sia;5:20;Electronic;14/06/2021
The Bright Sky;Sia;4:20;Pop, Electronic;28/08/1986
Golden Echo of Love;Sia;7:50;Electronic;23/07/1981
The Sweet Sound;Alok;4:10;EDM, House;08/01/1985
Silent Night;Alok;5:00;House;07/03/2024
Lonely Heart of Sky;Alok;5:50;EDM;31/01/2024
The Lost River;Alok;5:20;House;24/02/1989
Bright Lights;Alok;5:30;EDM;05/11/1981
Whispering Echo;Alok;7:10;House;12/09/1986
Burning Stars;Alok;5:10;EDM;17/07/2012
The Old Road;Alok;5:30;House;20/09/1971
Golden Dream;Alok;8:00;EDM, House;13/03/2011
Midnight Sky of Night;Alok;4:40;House;17/08/2006
The Electric Dream;Guns N' Roses;6:00;Hard Rock, Glam Metal;07/10/2001
Golden River;Guns N' Roses;6:40;Glam Metal;24/03/2005
Lonely Road;Guns N' Roses;5:00;Hard Rock;05/02/2007
The Lost Echo;Guns N' Roses;3:50;Glam Metal;25/11/2003
Whispering Stars;Guns N' Roses;7:10;Hard Rock;04/02/2005
Sweet Sound;Guns N' Roses;4:10;Glam Metal;23/03/2001
Broken Sky;Guns N' Roses;4:00;Hard Rock;01/01/2019
The New Stars;Guns N' Roses;5:10;Glam Metal;07/06/1964
Bright Night;Guns N' Roses;7:40;Hard Rock, Glam Metal;22/12/2007
Burning Heart of Night;Guns N' Roses;5:20;Glam Metal;18/04/1999
The Lonely Stars;Anitta;5:10;Brazilian Pop, Reggaeton;23/10/2016
Sweet River;Anitta;6:20;Funk Carioca;19/06/1991
The Old Sound;Anitta;4:00;Brazilian Pop;01/06/1988
Bright Sky;Anitta;8:00;Reggaeton;10/02/1984
Lost Road of Shadow;Anitta;5:20;Brazilian Pop;06/03/2014
Silent Dream;Anitta;5:00;Funk Carioca;22/05/2016
Whispering Heart;Anitta;5:20;Brazilian Pop;14/10/1970
Broken Fire;Anitta;6:10;Reggaeton;09/09/1968
The New Sound;Anitta;4:10;Brazilian Pop, Funk Carioca;04/04/1997
Burning Stars of Night;Anitta;7:40;Reggaeton;20/07/2020
The Wild Dream;Elis Regina;5:00;MPB, Bossa Nova;02/10/2008
Midnight Sky;Elis Regina;4:00;Bossa Nova;04/09/2013
Lonely Lights;Elis Regina;5:50;MPB;03/03/1968
The Lost Road;Elis Regina;7:00;Bossa Nova;21/03/1968
Burning Fire;Elis Regina;4:40;MPB;22/12/2007
Sweet River;Elis Regina;3:20;Bossa Nova;16/01/1965
The Silent Sound;Elis Regina;6:30;MPB;11/03/2012
Dark Echo;Elis Regina;5:30;Bossa Nova;15/10/1989
Bright Night;Elis Regina;4:50;MPB, Bossa Nova;12/07/1960
Golden Heart of Sound;Elis Regina;6:00;Bossa Nova;13/08/1980
The Electric Heart;Tiësto;4:30;Trance, EDM;28/04/1998
Golden River;Tiësto;5:20;EDM;29/10/2001
Lonely Road;Tiësto;6:00;Trance;16/10/1989
The Lost Echo;Tiësto;4:40;EDM;27/09/1978
Whispering Stars;Tiësto;6:50;Trance;18/01/1973
Sweet Sound;Tiësto;3:50;EDM;26/09/1988
Broken Sky;Tiësto;5:40;Trance;22/06/2023
The New Stars;Tiësto;6:30;EDM;26/11/1997
Bright Night;Tiësto;4:30;Trance, EDM;03/01/2008
Burning Heart of Night;Tiësto;5:10;EDM;12/02/2021
The Golden Night;Pitty;4:40;Brazilian Rock, Alternative;12/10/1975
Whispering Dream;Pitty;7:50;Alternative;23/02/1999
Lonely Stars;Pitty;6:00;Brazilian Rock;13/03/1965
The Silent Road;Pitty;7:50;Alternative;07/10/2022
Lost Fire;Pitty;3:50;Brazilian Rock;16/05/1996
Midnight Echo;Pitty;4:50;Alternative;16/03/2008
Sweet River;Pitty;3:40;Brazilian Rock;09/01/1986
Broken Sound;Pitty;5:20;Alternative;20/09/1967
The Bright Sky;Pitty;6:20;Brazilian Rock, Alternative;19/08/2002
Burning Road;Pitty;7:50;Alternative;20/10/1988
The Wild Sound;BTS;5:20;K-Pop, Pop;07/01/1996
Midnight Heart;BTS;4:30;Pop;12/06/2005
Lonely Dream;BTS;6:10;K-Pop;22/04/2001
The Lost Sky;BTS;7:20;Pop;15/11/2000
Burning Lights;BTS;4:50;K-Pop;16/04/1978
Sweet River;BTS;3:40;Pop;30/11/2009
The Old Sky;BTS;6:20;K-Pop;29/10/1977
Dancing Stars;BTS;5:30;Pop;23/05/2010
The Bright Sky;BTS;4:20;K-Pop, Pop;09/03/1976
Golden Echo of Love;BTS;7:50;Pop;13/10/1993
The Sweet Sound;Michael Jackson;4:00;Pop, R&B;06/02/2021
Silent Night;Michael Jackson;4:50;Funk;13/02/1960
Lonely Heart of Sky;Michael Jackson;5:40;Pop;10/05/2004
The Lost River;Michael Jackson;5:10;R&B;25/11/2011
Bright Lights;Michael Jackson;5:20;Funk;27/05/2023
Whispering Echo;Michael Jackson;7:00;Pop;10/06/2000
Burning Stars;Michael Jackson;5:00;R&B;28/04/2022
The Old Road;Michael Jackson;5:20;Funk;25/03/2004
Golden Dream;Michael Jackson;8:00;Pop, R&B;02/12/1990
Midnight Sky of Night;Michael Jackson;4:30;Funk;10/03/2002
The Electric Dream;Michael Jackson;6:00;Pop, Funk;14/01/1960
Golden River;Michael Jackson;6:40;R&B;11/09/2012
Lonely Road;Michael Jackson;5:00;Pop;10/06/1967
The Lost Echo;Michael Jackson;3:50;Funk;01/10/2010
Whispering Stars;Michael Jackson;7:10;R&B;13/05/2000
Sweet Sound;Michael Jackson;4:10;Pop;09/05/2013
Broken Sky;Michael Jackson;4:00;Funk;19/06/2017
The New Stars;Michael Jackson;5:10;R&B;20/05/1975
Bright Night;Michael Jackson;7:40;Pop, Funk;29/09/1990
Burning Heart of Night;Michael Jackson;5:20;R&B;02/05/1970
The Lonely Stars;Caetano Veloso;5:10;MPB, Tropicalia;23/06/2009
Sweet River;Caetano Veloso;6:20;Tropicalia;03/10/2015
The Old Sound;Caetano Veloso;4:00;MPB;03/03/1973
Bright Sky;Caetano Veloso;8:00;Tropicalia;07/02/1971
Lost Road of Shadow;Caetano Veloso;5:20;MPB;13/04/1987
Silent Dream;Caetano Veloso;5:00;Tropicalia;15/06/1996
Whispering Heart;Caetano Veloso;5:20;MPB;24/12/1965
Broken Fire;Caetano Veloso;6:10;Tropicalia;20/02/2009
The New Sound;Caetano Veloso;4:10;MPB, Tropicalia;28/02/1977
Burning Stars of Night;Caetano Veloso;7:40;Tropicalia;27/06/2013
The Wild Dream;Gorillaz;5:00;Alternative, Electronic;04/07/2023
Midnight Sky;Gorillaz;4:00;Hip Hop;02/07/2001
Lonely Lights;Gorillaz;5:50;Electronic;09/12/1980
The Lost Road;Gorillaz;7:00;Alternative;24/04/1995
Burning Fire;Gorillaz;4:40;Hip Hop;29/08/1986
Sweet River;Gorillaz;3:20;Electronic;26/07/1981
The Silent Sound;Gorillaz;6:30;Alternative;10/02/1995
Dark Echo;Gorillaz;5:30;Hip Hop;12/12/1969
Bright Night;Gorillaz;4:50;Electronic, Hip Hop;13/07/1999
Golden Heart of Sound;Gorillaz;6:00;Alternative;03/08/2006
The Electric Heart;Legião Urbana;5:30;Brazilian Rock, Post-Punk;22/09/1975
Golden River;Legião Urbana;6:10;Post-Punk;31/07/2019
Lonely Road;Legião Urbana;4:30;Brazilian Rock;08/05/1982
The Lost Echo;Legião Urbana;3:20;Post-Punk;12/01/1990
Whispering Stars;Legião Urbana;6:40;Brazilian Rock;28/01/1965
Sweet Sound;Legião Urbana;3:40;Post-Punk;02/11/1968
Broken Sky;Legião Urbana;3:30;Brazilian Rock;26/11/1996
The New Stars;Legião Urbana;4:40;Post-Punk;26/08/2017
Bright Night;Legião Urbana;7:10;Brazilian Rock, Post-Punk;01/11/1965
Burning Heart of Night;Legião Urbana;4:50;Post-Punk;15/05/2016
The Golden Night;Adele;4:30;Pop, Soul;16/06/2018
Whispering Dream;Adele;8:00;Soul;01/02/1962
Lonely Stars;Adele;5:50;Pop;23/06/1998
The Silent Road;Adele;8:00;Soul;26/11/2002
Heeey You;Adele;3:40;Pop;19/06/1999
Midnight Echo;Adele;4:40;Soul;12/10/1983
Sweet River;Adele;3:30;Pop;08/05/2019
Broken Sound;Adele;5:10;Soul;15/07/2008
The Bright Sky;Adele;6:10;Pop, Soul;03/06/1967
Burning Road;Adele;7:40;Soul;17/06/1971
The Wild Sound;Nirvana;5:10;Grunge, Alternative;17/07/1969
Midnight Heart;Nirvana;4:20;Alternative;05/01/2000
Lonely Dream;Nirvana;6:00;Grunge;03/12/1974
The Lost Sky;Nirvana;7:10;Alternative;01/02/1993
Burning Lights;Nirvana;4:50;Grunge;10/06/1961
Sweet River;Nirvana;3:40;Alternative;09/07/1981
The Old Sky;Nirvana;6:10;Grunge;17/05/1997
Dancing Stars;Nirvana;5:20;Alternative;03/10/1997
The Bright Sky;Nirvana;4:20;Grunge, Alternative;12/07/2014
Golden Echo of Love;Nirvana;7:50;Alternative;07/01/1990
The Sweet Sound;Green Day;4:10;Punk Rock, Alternative;03/08/2008
Silent Night;Green Day;5:00;Alternative;03/01/2000
Lonely Heart of Sky;Green Day;5:50;Punk Rock;22/10/1983
The Lost River;Green Day;5:20;Alternative;11/03/1970
Bright Lights;Green Day;5:30;Punk Rock;03/11/1979
Whispering Echo;Green Day;7:10;Alternative;26/03/1986
Burning Stars;Green Day;5:10;Punk Rock;14/01/2007
The Old Road;Green Day;5:30;Alternative;07/10/1969
Golden Dream;Green Day;8:00;Punk Rock, Alternative;03/01/1968
Midnight Sky of Night;Green Day;4:40;Alternative;03/05/1966
The Electric Dream;Twenty One Pilots;6:00;Alternative, Pop;24/03/1978
Golden River;Twenty One Pilots;6:40;Pop;13/08/1997
Lonely Road;Twenty One Pilots;5:00;Alternative;19/05/2002
The Lost Echo;Twenty One Pilots;3:50;Pop;07/07/2004
Whispering Stars;Twenty One Pilots;7:10;Alternative;14/04/2023
Sweet Sound;Twenty One Pilots;4:10;Pop;24/05/2021
Broken Sky;Twenty One Pilots;4:00;Alternative;18/02/1998
The New Stars;Twenty One Pilots;5:10;Pop;15/12/1995
Bright Night;Twenty One Pilots;7:40;Alternative, Pop;29/02/1968
Burning Heart of Night;Twenty One Pilots;5:20;Pop;07/02/2000
The Lonely Stars;Adele;5:10;Pop, Soul;25/09/2012
Sweet River;Adele;6:20;Soul;23/11/2012
The Old Sound;Adele;4:00;Pop;13/12/1980
Bright Sky;Adele;8:00;Soul;10/09/1968
Lost Road of Shadow;Adele;5:20;Pop;01/10/2018
Silent Dream;Adele;5:00;Soul;07/11/2021
Whispering Heart;Adele;5:20;Pop;25/10/1982
Broken Fire;Adele;6:10;Soul;13/02/2004
The New Sound;Adele;4:10;Pop, Soul;13/10/1991
Burning Stars of Night;Adele;7:40;Soul;21/10/1971
The Wild Dream;Anitta;5:00;Brazilian Pop, Reggaeton;28/06/1973
Midnight Sky;Anitta;4:00;Funk Carioca;02/11/2015
Lonely Lights;Anitta;5:50;Brazilian Pop;27/07/1976
The Lost Road;Anitta;7:00;Reggaeton;26/09/2018
Burning Fire;Anitta;4:40;Brazilian Pop;18/09/2020
Sweet River;Anitta;3:20;Funk Carioca;01/02/2018
The Silent Sound;Anitta;6:30;Brazilian Pop;19/03/1978
Dark Echo;Anitta;5:30;Reggaeton;10/11/1981
Brave Heart of River;Anitta;4:50;Brazilian Pop, Funk Carioca;28/08/1997
Golden Heart of Sound;Anitta;6:00;Reggaeton;08/08/2003
The Electric Heart;Red Hot Chili Peppers;5:30;Funk Rock, Alternative;25/09/2020
Golden River;Red Hot Chili Peppers;6:10;Alternative;29/10/2020
Lonely Road;Red Hot Chili Peppers;4:30;Funk Rock;12/03/1983
The Lost Echo;Red Hot Chili Peppers;3:20;Alternative;26/10/1985
Whispering Stars;Red Hot Chili Peppers;6:40;Funk Rock;23/05/2002
Sweet Sound;Red Hot Chili Peppers;3:40;Alternative;09/09/1962
Broken Sky;Red Hot Chili Peppers;3:30;Funk Rock;31/05/1972
The New Stars;Red Hot Chili Peppers;4:40;Alternative;24/07/2018
Bright Night;Red Hot Chili Peppers;7:10;Funk Rock, Alternative;20/04/2011
Burning Heart of Night;Red Hot Chili Peppers;4:50;Alternative;30/01/2006
The Golden Night;The Weeknd;4:40;R&B, Pop;09/11/1960
Whispering Dream;The Weeknd;7:50;Electronic;04/06/2018
Lonely Stars;The Weeknd;6:00;Pop;13/08/1994
The Silent Road;The Weeknd;7:50;R&B;27/04/1990
Lost Fire;The Weeknd;3:50;Electronic;09/07/1969
Midnight Echo;The Weeknd;4:50;Pop;22/01/2010
Sweet River;The Weeknd;3:40;R&B;13/06/2003
Broken Sound;The Weeknd;5:20;Electronic;28/10/1982
The Bright Sky;The Weeknd;6:20;Pop, R&B;22/06/2020
Burning Road;The Weeknd;7:50;Electronic;11/08/1974
The Wild Sound;Taylor Swift;5:20;Pop, Country;03/09/1961
Midnight Heart;Taylor Swift;4:30;Country;23/12/1963
Lonely Dream;Taylor Swift;6:10;Pop;26/01/1998
The Lost Sky;Taylor Swift;7:20;Country;20/02/2005
Burning Lights;Taylor Swift;4:50;Pop;03/03/2023
Sweet River;Taylor Swift;3:40;Country;28/03/2006
The Old Sky;Taylor Swift;6:20;Pop;16/12/1994
Dancing Stars;Taylor Swift;5:30;Country;01/02/1996
The Bright Sky;Taylor Swift;4:20;Pop, Country;05/04/1966
Golden Echo of Love;Taylor Swift;7:50;Country;29/09/1984
The Sweet Sound;Harry Styles;4:10;Pop, Rock;31/05/1971
Silent Night;Harry Styles;5:00;Rock;03/03/1970
Lonely Heart of Sky;Harry Styles;5:50;Pop;05/03/1994
The Lost River;Harry Styles;5:20;Rock;13/12/1962
Bright Lights;Harry Styles;5:30;Pop;20/09/1960
Whispering Echo;Harry Styles;7:10;Rock;02/06/1995
Burning Stars;Harry Styles;5:10;Pop;23/04/1992
The Old Road;Harry Styles;5:30;Rock;29/09/1987
Golden Dream;Harry Styles;8:00;Pop, Rock;17/03/1992
Midnight Sky of Night;Harry Styles;4:40;Rock;14/09/2018
The Electric Dream;Olivia Rodrigo;6:00;Pop, Alternative;08/05/1990
Golden River;Olivia Rodrigo;6:40;Alternative;24/07/2022
Lonely Road;Olivia Rodrigo;5:00;Pop;11/07/2020
The Lost Echo;Olivia Rodrigo;3:50;Alternative;29/10/2002
Whispering Stars;Olivia Rodrigo;7:10;Pop;18/09/2017
Sweet Sound;Olivia Rodrigo;4:10;Alternative;28/04/2003
Broken Sky;Olivia Rodrigo;4:00;Pop;14/03/2012
The New Stars;Olivia Rodrigo;5:10;Alternative;25/05/1991
Bright Night;Olivia Rodrigo;7:40;Pop, Alternative;27/11/2009
Burning Heart of Night;Olivia Rodrigo;5:20;Alternative;03/12/1981
The Lonely Stars;Maroon 5;5:10;Pop, Funk Rock;15/04/1985
Sweet River;Maroon 5;6:20;Funk Rock;11/10/1970
The Old Sound;Maroon 5;4:00;Pop;17/01/1994
Bright Sky;Maroon 5;8:00;Funk Rock;18/10/1992
Lost Road of Shadow;Maroon 5;5:20;Pop;29/09/1997
Silent Dream;Maroon 5;5:00;Funk Rock;11/11/2010
Whispering Heart;Maroon 5;5:20;Pop;18/07/1975
Broken Fire;Maroon 5;6:10;Funk Rock;09/10/2001
The New Sound;Maroon 5;4:10;Pop, Funk Rock;12/04/2018
Burning Stars of Night;Maroon 5;7:40;Funk Rock;22/08/1968
The Wild Dream;Khalid;5:00;R&B, Pop;14/07/2016
Midnight Sky;Khalid;4:00;Pop;01/05/2024
Lonely Lights;Khalid;5:50;R&B;19/06/1973
The Lost Road;Khalid;7:00;Pop;26/01/1968
Burning Fire;Khalid;4:40;R&B;21/04/2015
Sweet River;Khalid;3:20;Pop;07/06/1985
The Silent Sound;Khalid;6:30;R&B;01/12/1988
Dark Echo;Khalid;5:30;Pop;09/06/1996
Bright Night;Khalid;4:50;R&B, Pop;04/06/1996
Golden Heart of Sound;Khalid;6:00;Pop;31/08/1988
The Electric Heart;Sia;5:30;Pop, Electronic;17/06/1979
Golden River;Sia;6:10;Electronic;01/07/2016
Lonely Road;Sia;4:30;Pop;12/08/1985
The Lost Echo;Sia;3:20;Electronic;14/09/1969
Whispering Stars;Sia;6:40;Pop;16/08/1965
Sweet Sound;Sia;3:40;Electronic;22/01/1962
Broken Sky;Sia;3:30;Pop;23/11/2008
The New Stars;Sia;4:40;Electronic;31/08/2016
Bright Night;Sia;7:10;Pop, Electronic;12/05/2021
Burning Heart of Night;Sia;4:50;Electronic;29/07/1994
The Golden Night;Twenty One Pilots;4:40;Alternative, Pop;02/12/1998
Whispering Dream;Twenty One Pilots;7:50;Pop;16/02/2020
Lonely Stars;Twenty One Pilots;6:00;Alternative;24/03/2013
The Silent Road;Twenty One Pilots;7:50;Pop;23/11/1996
Lost Fire;Twenty One Pilots;3:50;Alternative;14/11/1985
Midnight Echo;Twenty One Pilots;4:50;Pop;26/07/1970
Sweet River;Twenty One Pilots;3:40;Alternative;15/03/1972
Broken Sound;Twenty One Pilots;5:20;Pop;26/01/1973
The Bright Sky;Twenty One Pilots;6:20;Alternative, Pop;14/01/1978
Burning Road;Twenty One Pilots;7:50;Pop;19/07/1974
The Wild Sound;Foo Fighters;5:20;Rock, Alternative;13/10/1975
Midnight Heart;Foo Fighters;4:30;Alternative;19/07/2005
Lonely Dream;Foo Fighters;6:10;Rock;25/07/1985
The Lost Sky;Foo Fighters;7:20;Alternative;23/12/2020
Burning Lights;Foo Fighters;4:50;Rock;05/08/2005
Sweet River;Foo Fighters;3:40;Alternative;05/03/2000
The Old Sky;Foo Fighters;6:20;Rock;07/03/2008
Dancing Stars;Foo Fighters;5:30;Alternative;27/04/1988
The Bright Sky;Foo Fighters;4:20;Rock, Alternative;20/02/1977
Golden Echo of Love;Foo Fighters;7:50;Alternative;11/04/1967
The Sweet Sound;Legião Urbana;4:10;Brazilian Rock, Post-Punk;14/02/1971
Silent Night;Legião Urbana;5:00;Post-Punk;10/12/1982
Lonely Heart of Sky;Legião Urbana;5:50;Brazilian Rock;02/02/1998
The Lost River;Legião Urbana;5:20;Post-Punk;01/07/2004
Bright Lights;Legião Urbana;5:30;Brazilian Rock;29/01/1995
Whispering Echo;Legião Urbana;7:10;Post-Punk;17/01/1992
Burning Stars;Legião Urbana;5:10;Brazilian Rock;17/07/2005
The Old Road;Legião Urbana;5:30;Post-Punk;08/05/2012
Golden Dream;Legião Urbana;8:00;Brazilian Rock, Post-Punk;13/04/1977
Midnight Sky of Night;Legião Urbana;4:40;Post-Punk;14/12/1993
The Electric Dream;Skank;6:00;Brazilian Pop, Reggae;12/08/2001
Golden River;Skank;6:40;Rock;30/11/1964
Lonely Road;Skank;5:00;Brazilian Pop;24/03/1991
The Lost Echo;Skank;3:50;Reggae;31/05/1974
Whispering Stars;Skank;7:10;Rock;07/02/2021
Sweet Sound;Skank;4:10;Brazilian Pop;08/01/1994
Broken Sky;Skank;4:00;Reggae;17/05/2012
The New Stars;Skank;5:10;Rock;29/07/1975
Bright Night;Skank;7:40;Brazilian Pop, Reggae;04/01/1980
Burning Heart of Night;Skank;5:20;Rock;11/01/1981
The Lonely Stars;Ariana Grande;5:10;Pop, R&B;13/08/2000
Sweet River;Ariana Grande;6:20;R&B;08/05/2007
The Old Sound;Ariana Grande;4:00;Pop;28/09/1968
Bright Sky;Ariana Grande;8:00;R&B;07/11/2020
Lost Road of Shadow;Ariana Grande;5:20;Pop;16/12/1964
Silent Dream;Ariana Grande;5:00;R&B;23/02/2019
Whispering Heart;Ariana Grande;5:20;Pop;18/02/1991
Broken Fire;Ariana Grande;6:10;R&B;07/05/2006
The New Sound;Ariana Grande;4:10;Pop, R&B;14/05/2008
Burning Stars of Night;Ariana Grande;7:40;R&B;20/12/2016
The Wild Dream;Lil Nas X;5:00;Hip Hop, Country Rap;05/08/1989
Midnight Sky;Lil Nas X;4:00;Country Rap;25/01/2016
Lonely Lights;Lil Nas X;5:50;Hip Hop;20/07/2024
The Lost Road;Lil Nas X;7:00;Country Rap;16/08/1977
Burning Fire;Lil Nas X;4:40;Hip Hop;18/08/1997
Sweet River;Lil Nas X;3:20;Country Rap;21/02/1970
The Silent Sound;Lil Nas X;6:30;Hip Hop;11/08/2019
Dark Echo;Lil Nas X;5:30;Country Rap;06/12/2017
Bright Night;Lil Nas X;4:50;Hip Hop, Country Rap;01/12/1994
Golden Heart of Sound;Lil Nas X;6:00;Country Rap;20/12/1964
The Electric Heart;The Beatles;5:30;Pop, Rock;11/02/1961
Golden River;The Beatles;6:10;Classic Rock;09/07/1995
Lonely Road;The Beatles;4:30;Pop;13/02/1978
The Lost Echo;The Beatles;3:20;Classic Rock;04/01/1967
Whispering Stars;The Beatles;6:40;Pop;21/10/1972
Sweet Sound;The Beatles;3:40;Classic Rock;20/04/2014
Broken Sky;The Beatles;3:30;Pop;11/09/1997
The New Stars;The Beatles;4:40;Classic Rock;24/01/1973
Bright Night;The Beatles;7:10;Pop, Classic Rock;11/03/1967
Burning Heart of Night;The Beatles;4:50;Classic Rock;16/07/2024
The Golden Night;Dua Lipa;4:30;Pop, Dance;31/05/2002
Whispering Dream;Dua Lipa;8:00;Dance;17/02/1991
Lonely Stars;Dua Lipa;5:50;Pop;26/02/2016
The Silent Road;Dua Lipa;8:00;Dance;29/01/1993
Lost Fire;Dua Lipa;3:40;Pop;05/04/1965
Midnight Echo;Dua Lipa;4:40;Dance;19/11/2022
Sweet River;Dua Lipa;3:30;Pop;08/12/1970
Broken Sound;Dua Lipa;5:10;Dance;01/04/1989
The Bright Sky;Dua Lipa;6:10;Pop, Dance;27/07/2016
Burning Road;Dua Lipa;7:40;Dance;25/06/1972
The Wild Sound;J Balvin;5:10;Reggaeton, Latin Pop;21/06/1973
Midnight Heart;J Balvin;4:20;Latin Pop;18/10/1970
Lonely Dream;J Balvin;6:00;Reggaeton;05/12/2000
The Lost Sky;J Balvin;7:10;Latin Pop;29/05/1980
Burning Lights;J Balvin;4:50;Reggaeton;05/06/1981
Sweet River;J Balvin;3:40;Latin Pop;25/10/1995
The Old Sky;J Balvin;6:10;Reggaeton;03/08/2019
Dancing Stars;J Balvin;5:20;Latin Pop;27/02/2009
The Bright Sky;J Balvin;4:20;Reggaeton, Latin Pop;26/07/2021
Golden Echo of Love;J Balvin;7:50;Latin Pop;13/04/2004
The Sweet Sound;BlackPink;4:10;K-Pop, Hip Hop;08/05/1978
Silent Night;BlackPink;5:00;Hip Hop;12/11/2006
Lonely Heart of Sky;BlackPink;5:50;K-Pop;13/06/1972
The Lost River;BlackPink;5:20;Hip Hop;08/07/2002
Bright Lights;BlackPink;5:30;K-Pop;20/08/1981
Whispering Echo;BlackPink;7:10;Hip Hop;04/11/1985
Burning Stars;BlackPink;5:10;K-Pop;26/08/1971
The Old Road;BlackPink;5:30;Hip Hop;04/05/1981
Golden Dream;BlackPink;8:00;K-Pop, Hip Hop;12/12/2018
Midnight Sky of Night;BlackPink;4:40;Hip Hop;06/05/2017
The Electric Dream;Post Malone;6:00;Hip Hop, Pop;04/02/1962
Golden River;Post Malone;6:40;R&B;11/08/1971
Lonely Road;Post Malone;5:00;Hip Hop;16/03/1968
The Lost Echo;Post Malone;3:50;Pop;04/10/1992
Whispering Stars;Post Malone;7:10;R&B;13/06/1972
Sweet Sound;Post Malone;4:10;Hip Hop;13/08/1990
Broken Sky;Post Malone;4:00;Pop;04/10/1992
The New Stars;Post Malone;5:10;R&B;01/11/2002
Bright Night;Post Malone;7:40;Hip Hop, Pop;04/09/2015
Burning Heart of Night;Post Malone;5:20;R&B;02/11/1987
The Lonely Stars;Imagine Dragons;5:10;Alternative, Pop Rock;25/09/1999
Sweet River;Imagine Dragons;6:20;Pop Rock;31/03/1988
The Old Sound;Imagine Dragons;4:00;Alternative;15/02/1985
Bright Sky;Imagine Dragons;8:00;Pop Rock;15/02/1983
Lost Road of Shadow;Imagine Dragons;5:20;Alternative;27/03/2024
Silent Dream;Imagine Dragons;5:00;Pop Rock;24/09/2004
Whispering Heart;Imagine Dragons;5:20;Alternative;17/04/2003
Broken Fire;Imagine Dragons;6:10;Pop Rock;04/03/1992
The New Sound;Imagine Dragons;4:10;Alternative, Pop Rock;12/12/1970
Burning Stars of Night;Imagine Dragons;7:40;Pop Rock;22/03/2023
The Wild Dream;Swedish House Mafia;5:00;EDM, Progressive House;20/12/1989
Midnight Sky;Swedish House Mafia;4:00;Progressive House;10/04/1996
Lonely Lights;Swedish House Mafia;5:50;EDM;21/03/2023
The Lost Road;Swedish House Mafia;7:00;Progressive House;18/09/2016
Burning Fire;Swedish House Mafia;4:40;EDM;24/09/2023
Sweet River;Swedish House Mafia;3:20;Progressive House;13/07/2006
The Silent Sound;Swedish House Mafia;6:30;EDM;15/11/1967
Dark Echo;Swedish House Mafia;5:30;Progressive House;04/11/1984
Bright Night;Swedish House Mafia;4:50;EDM, Progressive House;18/04/2019
Golden Heart of Sound;Swedish House Mafia;6:00;Progressive House;11/12/1998
The Electric Heart;David Bowie;5:30;Glam Rock, Pop;19/07/1969
Golden River;David Bowie;6:10;Art Rock;09/07/2014
Lonely Road;David Bowie;4:30;Pop;20/10/1992
The Lost Echo;David Bowie;3:20;Glam Rock;14/03/1964
Whispering Stars;David Bowie;6:40;Art Rock;14/04/1969
Sweet Sound;David Bowie;3:40;Pop;26/06/1979
Broken Sky;David Bowie;3:30;Glam Rock;09/03/1960
The New Stars;David Bowie;4:40;Art Rock;14/10/2013
Bright Night;David Bowie;7:10;Pop, Glam Rock;27/11/1991
Burning Heart of Night;David Bowie;4:50;Art Rock;05/02/1979
The Golden Night;Pitty;4:30;Brazilian Rock, Alternative;31/07/1962
Whispering Dream;Pitty;8:00;Alternative;25/11/2023
Lonely Stars;Pitty;5:50;Brazilian Rock;06/08/1973
The Silent Road;Pitty;8:00;Alternative;27/05/1960
Lost Fire;Pitty;3:40;Brazilian Rock;20/05/2001
Midnight Echo;Pitty;4:40;Alternative;23/03/1979
Sweet River;Pitty;3:30;Brazilian Rock;25/04/1971
Broken Sound;Pitty;5:10;Alternative;23/07/1986
The Bright Sky;Pitty;6:10;Brazilian Rock, Alternative;18/06/1969
Burning Road;Pitty;7:40;Alternative;23/04/1991
The Wild Sound;Prince;5:10;Funk, Pop;20/12/1963
Midnight Heart;Prince;4:20;R&B;02/12/2002
Lonely Dream;Prince;6:00;Pop;12/09/2023
The Lost Sky;Prince;7:10;Funk;07/11/1998
Burning Lights;Prince;4:50;R&B;02/08/2000
Sweet River;Prince;3:40;Pop;29/04/1977
The Old Sky;Prince;6:10;Funk;08/04/2024
Dancing Stars;Prince;5:20;R&B;14/08/2011
The Bright Sky;Prince;4:20;Pop, Funk;04/03/2000
Golden Echo of Love;Prince;7:50;R&B;25/09/2011
The Sweet Sound;Calvin Harris;4:10;EDM, Dance-Pop;17/07/1974
Silent Night;Calvin Harris;5:00;Dance-Pop;25/11/2020
Lonely Heart of Sky;Calvin Harris;5:50;EDM;09/09/2022
The Lost River;Calvin Harris;5:20;Dance-Pop;18/03/1984
Bright Lights;Calvin Harris;5:30;EDM;11/07/1967
Whispering Echo;Calvin Harris;7:10;Dance-Pop;05/09/2021
Burning Stars;Calvin Harris;5:10;EDM;07/11/1972
The Old Road;Calvin Harris;5:30;Dance-Pop;26/11/2013
Golden Dream;Calvin Harris;8:00;EDM, Dance-Pop;23/03/1975
Midnight Sky of Night;Calvin Harris;4:40;Dance-Pop;01/02/1998
The Electric Dream;Bob Marley;6:00;Reggae, Ska;09/07/1966
Golden River;Bob Marley;6:40;Ska;24/10/2000
Lonely Road;Bob Marley;5:00;Reggae;18/03/1979
The Lost Echo;Bob Marley;3:50;Ska;12/11/2022
Whispering Stars;Bob Marley;7:10;Reggae;11/01/1983
Sweet Sound;Bob Marley;4:10;Ska;29/07/2021
Broken Sky;Bob Marley;4:00;Reggae;16/04/2018
The New Stars;Bob Marley;5:10;Ska;12/10/2011
Bright Night;Bob Marley;7:40;Reggae, Ska;25/05/1988
Burning Heart of Night;Bob Marley;5:20;Ska;02/01/2007
The Lonely Stars;Vintage Culture;5:10;Deep House, Electronic;23/02/1969
Sweet River;Vintage Culture;6:20;Electronic;02/04/1980
The Old Sound;Vintage Culture;4:00;Deep House;24/06/1985
Bright Sky;Vintage Culture;8:00;Electronic;27/12/2024
Lost Road of Shadow;Vintage Culture;5:20;Deep House;13/05/2023
Silent Dream;Vintage Culture;5:00;Electronic;16/03/2000
Whispering Heart;Vintage Culture;5:20;Deep House;17/04/2014
Broken Fire;Vintage Culture;6:10;Electronic;30/04/1962
The New Sound;Vintage Culture;4:10;Deep House, Electronic;18/03/1998
Burning Stars of Night;Vintage Culture;7:40;Electronic;26/12/2001
The Wild Dream;Racionais MC's;5:00;Hip Hop, Rap;04/07/2023
Midnight Sky;Racionais MC's;4:00;Rap;14/06/2001
Lonely Lights;Racionais MC's;5:50;Hip Hop;26/03/2016
The Lost Road;Racionais MC's;7:00;Rap;26/03/2024
Burning Fire;Racionais MC's;4:40;Hip Hop;28/11/1989
Sweet River;Racionais MC's;3:20;Rap;04/09/1966
The Silent Sound;Racionais MC's;6:30;Hip Hop;15/02/1978
Dark Echo;Racionais MC's;5:30;Rap;27/08/1966
Bright Night;Racionais MC's;4:50;Hip Hop, Rap;24/02/1997
Golden Heart of Sound;Racionais MC's;6:00;Rap;24/02/1976
The Electric Heart;Aretha Franklin;5:30;Soul, R&B;07/02/1990
Golden River;Aretha Franklin;6:10;R&B;20/10/2006
Lonely Road;Aretha Franklin;4:30;Soul;20/02/2000
The Lost Echo;Aretha Franklin;3:20;R&B;25/06/1980
Whispering Stars;Aretha Franklin;6:40;Soul;13/05/1995
Sweet Sound;Aretha Franklin;3:40;R&B;22/12/2021
Broken Sky;Aretha Franklin;3:30;Soul;18/09/1980
The New Stars;Aretha Franklin;4:40;R&B;05/11/1997
Bright Night;Aretha Franklin;7:10;Soul, R&B;17/06/1960
Burning Heart of Night;Aretha Franklin;4:50;R&B;19/01/1989
The Golden Night;Ed Sheeran;4:30;Pop, Folk;07/06/1993
Whispering Dream;Ed Sheeran;8:00;Folk;04/12/1974
Lonely Stars;Ed Sheeran;5:50;Pop;02/03/2013
The Silent Road;Ed Sheeran;8:00;Folk;21/07/1988
Lost Fire;Ed Sheeran;3:40;Pop;10/10/1961
Midnight Echo;Ed Sheeran;4:40;Folk;30/08/1979
Sweet River;Ed Sheeran;3:30;Pop;22/05/2016
Broken Sound;Ed Sheeran;5:10;Folk;25/07/1966
The Bright Sky;Ed Sheeran;6:10;Pop, Folk;06/12/1962
Burning Road;Ed Sheeran;7:40;Folk;09/11/2017
The Wild Sound;Eminem;5:10;Hip Hop, Rap;11/07/1966
Midnight Heart;Eminem;4:20;Rap;25/08/1984
Lonely Dream;Eminem;6:00;Hip Hop;24/01/2011
The Lost Sky;Eminem;7:10;Rap;05/06/1999
Burning Lights;Eminem;4:50;Hip Hop;01/10/2013
Sweet River;Eminem;3:40;Rap;08/02/1997
The Old Sky;Eminem;6:10;Hip Hop;07/12/1976
Dancing Stars;Eminem;5:20;Rap;07/04/1973
The Bright Sky;Eminem;4:20;Hip Hop, Rap;04/11/2011
Golden Echo of Love;Eminem;7:50;Rap;28/06/2010
The Sweet Sound;Linkin Park;4:10;Alternative, Nu Metal;06/05/2011
Silent Night;Linkin Park;5:00;Nu Metal;09/12/1995
Booom Clap;Linkin Park;5:50;Alternative;31/03/1967
The Lost River;Linkin Park;5:20;Nu Metal;24/03/2014
Bright Lights;Linkin Park;5:30;Alternative;18/03/1994
Whispering Echo;Linkin Park;7:10;Nu Metal;26/07/1981
Burning Stars;Linkin Park;5:10;Alternative;01/05/1968
The Old Road;Linkin Park;5:30;Nu Metal;12/05/1988
Golden Dream;Linkin Park;8:00;Alternative, Nu Metal;21/05/2003
Midnight Sky of Night;Linkin Park;4:40;Nu Metal;31/01/1991
The Electric Dream;Iron Maiden;6:00;Metal, Heavy Metal;20/06/1971
Golden River;Iron Maiden;6:40;Heavy Metal;03/07/2010
Lonely Road;Iron Maiden;5:00;Metal;12/12/2014
The Lost Echo;Iron Maiden;3:50;Heavy Metal;03/02/1961
Whispering Stars;Iron Maiden;7:10;Metal;27/03/1972
Sweet Sound;Iron Maiden;4:10;Heavy Metal;04/11/1993
Broken Sky;Iron Maiden;4:00;Metal;11/11/1965
The New Stars;Iron Maiden;5:10;Heavy Metal;26/02/2007
Bright Night;Iron Maiden;7:40;Metal, Heavy Metal;03/01/1963
Burning Heart of Night;Iron Maiden;5:20;Heavy Metal;19/01/1980
The Lonely Stars;Lady Gaga;5:10;Pop, Dance;25/07/1993
Sweet River;Lady Gaga;6:20;Dance;06/03/2010
The Old Sound;Lady Gaga;4:00;Pop;25/03/1993
Bright Sky;Lady Gaga;8:00;Dance;17/09/1979
Lost Road of Shadow;Lady Gaga;5:20;Pop;21/06/2009
Silent Dream;Lady Gaga;5:00;Dance;11/03/2002
Whispering Heart;Lady Gaga;5:20;Pop;27/10/1966
Broken Fire;Lady Gaga;6:10;Dance;27/01/2005
The New Sound;Lady Gaga;4:10;Pop, Dance;30/01/1971
Burning Stars of Night;Lady Gaga;7:40;Dance;24/10/1994
The Wild Dream;Ariana Grande;5:00;Pop, R&B;23/12/1961
Midnight Sky;Ariana Grande;4:00;R&B;11/02/2000
Lonely Lights;Ariana Grande;5:50;Pop;07/07/1971
The Lost Road;Ariana Grande;7:00;R&B;08/03/2020
Burning Fire;Ariana Grande;4:40;Pop;18/09/2004
Sweet River;Ariana Grande;3:20;R&B;24/09/1980
The Silent Sound;Ariana Grande;6:30;Pop;08/08/1990
Dark Echo;Ariana Grande;5:30;R&B;23/05/1999
Bright Night;Ariana Grande;4:50;Pop, R&B;17/06/2023
Golden Heart of Sound;Ariana Grande;6:00;R&B;28/04/1983
The Electric Heart;Post Malone;5:30;Hip Hop, Pop;22/05/2016
Golden River;Post Malone;6:10;R&B;09/03/2000
Lonely Road;Post Malone;4:30;Hip Hop;16/04/2024
The Lost Echo;Post Malone;3:20;Pop;17/05/2024
Whispering Stars;Post Malone;6:40;R&B;17/10/2009
Sweet Sound;Post Malone;3:40;Hip Hop;18/04/2000
Broken Sky;Post Malone;3:30;Pop;09/02/2022
The New Stars;Post Malone;4:40;R&B;24/07/1998
Bright Night;Post Malone;7:10;Hip Hop, Pop;15/11/2008
Burning Heart of Night;Post Malone;4:50;R&B;17/01/1985
The Golden Night;Doja Cat;4:30;Pop, Hip Hop;05/09/1963
Whispering Dream;Doja Cat;8:00;R&B;05/02/1976
Yeah Yeah Yeah;Doja Cat;5:50;Hip Hop;22/04/2021
The Silent Road;Doja Cat;8:00;Pop;22/11/2001
Lost Fire;Doja Cat;3:40;R&B;22/06/2001
Midnight Echo;Doja Cat;4:40;Hip Hop;30/06/1963
Sweet River;Doja Cat;3:30;Pop;07/04/1987
Broken Sound;Doja Cat;5:10;R&B;26/12/1992
The Bright Sky;Doja Cat;6:10;Hip Hop, Pop;15/07/2023
Burning Road;Doja Cat;7:40;R&B;18/04/1972
The Wild Sound;BLACKPINK;5:10;K-Pop, Hip Hop;19/09/1987
Midnight Heart;BLACKPINK;4:20;Hip Hop;10/01/1989
Lonely Dream;BLACKPINK;6:00;K-Pop;27/11/1966
The Lost Sky;BLACKPINK;7:10;Hip Hop;15/07/1974
Burning Lights;BLACKPINK;4:50;K-Pop;21/07/2017
Sweet River;BLACKPINK;3:40;Hip Hop;31/08/1985
The Old Sky;BLACKPINK;6:10;K-Pop;01/12/1977
Dancing Stars;BLACKPINK;5:20;Hip Hop;29/05/1996
The Bright Sky;BLACKPINK;4:20;K-Pop, Hip Hop;20/06/1968
Golden Echo of Love;BLACKPINK;7:50;Hip Hop;05/06/2004
The Sweet Sound;Bad Bunny;4:10;Reggaeton, Trap Latino;20/05/2007
Silent Night;Bad Bunny;5:00;Trap Latino;21/06/1997
Lonely Heart of Sky;Bad Bunny;5:50;Reggaeton;10/08/1965
The Lost River;Bad Bunny;5:20;Trap Latino;31/07/2009
Bright Lights;Bad Bunny;5:30;Reggaeton;07/05/1967
Whispering Echo;Bad Bunny;7:10;Trap Latino;31/08/1963
Burning Stars;Bad Bunny;5:10;Reggaeton;07/06/1971
The Old Road;Bad Bunny;5:30;Trap Latino;24/10/2021
Golden Dream;Bad Bunny;8:00;Reggaeton, Trap Latino;10/07/1997
Midnight Sky of Night;Bad Bunny;4:40;Trap Latino;22/03/1973
The Electric Dream;Rosalía;6:00;Flamenco Pop, R&B;08/11/1991
Golden River;Rosalía;6:40;R&B;26/11/2019
Lonely Road;Rosalía;5:00;Flamenco Pop;27/03/1983
The Lost Echo;Rosalía;3:50;R&B;05/08/1999
Whispering Stars;Rosalía;7:10;Flamenco Pop;06/11/1991
Sweet Sound;Rosalía;4:10;R&B;19/11/1977
Broken Sky;Rosalía;4:00;Flamenco Pop;12/06/2001
The New Stars;Rosalía;5:10;R&B;31/01/2008
Bright Night;Rosalía;7:40;Flamenco Pop, R&B;08/11/2003
Burning Heart of Night;Rosalía;5:20;R&B;14/01/1984
The Lonely Stars;BTS;5:10;K-Pop, Pop;14/07/2011
Symphony No. IV;BTS;6:20;Pop;28/09/1984
The Old Sound;BTS;4:00;K-Pop;05/04/1997
Bright Sky;BTS;8:00;Pop;29/12/2001
Lost Road of Shadow;BTS;5:20;K-Pop;14/05/2005
Silent Dream;BTS;5:00;Pop;16/12/2007
Whispering Heart;BTS;5:20;K-Pop;17/07/1966
Broken Fire;BTS;6:10;Pop;22/10/1986
The New Sound;BTS;4:10;K-Pop, Pop;06/08/1971
Burning Stars of Night;BTS;7:40;Pop;25/08/1971
The Wild Dream;Ed Sheeran;5:00;Pop, Folk;23/09/1986
Midnight Sky;Ed Sheeran;4:00;Folk;28/06/1964
Lonely Lights;Ed Sheeran;5:50;Pop;07/09/1963
The Lost Road;Ed Sheeran;7:00;Folk;24/09/1982
Burning Fire;Ed Sheeran;4:40;Pop;22/06/1978
Sweet River;Ed Sheeran;3:20;Folk;28/07/1965
The Silent Sound;Ed Sheeran;6:30;Pop;18/10/1998
Dark Echo;Ed Sheeran;5:30;Folk;13/07/1977
Bright Night;Ed Sheeran;4:50;Pop, Folk;06/03/2003
Golden Heart of Sound;Ed Sheeran;6:00;Folk;27/10/2015
The Electric Heart;Rihanna;5:30;R&B, Pop;25/05/2017
Addagio III;Rihanna;6:10;Dance;09/04/2009
Lonely Road;Rihanna;4:30;R&B;16/04/1968
The Lost Echo;Rihanna;3:20;Pop;23/04/1993
Whispering Stars;Rihanna;6:40;Dance;25/09/2014
Sweet Sound;Rihanna;3:40;R&B;13/08/2002
Broken Sky;Rihanna;3:30;Pop;03/12/1970
The New Stars;Rihanna;4:40;Dance;31/08/2003
Bright Night;Rihanna;7:10;R&B, Pop;27/03/1986
Burning Heart of Night;Rihanna;4:50;Dance;02/10/1998
The Golden Night;Khalid;4:40;R&B, Pop;02/04/1994
Whispering Dream;Khalid;7:50;Pop;27/12/2001
Lonely Stars;Khalid;6:00;R&B;18/06/1980
The Silent Road;Khalid;7:50;Pop;23/09/1983
Lost Fire;Khalid;3:50;R&B;10/03/1983
Midnight Echo;Khalid;4:50;Pop;21/12/1975
Sweet River;Khalid;3:40;R&B;21/10/1992
Broken Sound;Khalid;5:20;Pop;13/03/1995
The Bright Sky;Khalid;6:20;R&B, Pop;02/12/2014
Burning Road;Khalid;7:50;Pop;29/11/1961
The Wild Sound;Doja Cat;5:20;Pop, Hip Hop;07/04/1985
Midnight Heart;Doja Cat;4:30;R&B;07/08/1962
Lonely Dream;Doja Cat;6:10;Hip Hop;10/11/1984
The Lost Sky;Doja Cat;7:20;Pop;26/07/2002
Burning Lights;Doja Cat;4:50;R&B;08/01/1968
Sweet River;Doja Cat;3:40;Hip Hop;15/05/1997
The Old Sky;Doja Cat;6:20;Pop;14/10/1973
Dancing Stars;Doja Cat;5:30;R&B;19/09/1981
The Bright Sky;Doja Cat;4:20;Hip Hop, Pop;28/04/2001
Golden Echo of Love;Doja Cat;7:50;R&B;02/05/1990
The Sweet Sound;Dua Lipa;4:10;Pop, Dance;27/06/1986
Silent Night;Dua Lipa;5:00;Dance;21/06/1987
Lonely Heart of Sky;Dua Lipa;5:50;Pop;24/04/1998
The Lost River;Dua Lipa;5:20;Dance;03/10/2021
Bright Lights;Dua Lipa;5:30;Pop;03/12/2009
Whispering Echo;Dua Lipa;7:10;Dance;19/10/1968
Burning Stars;Dua Lipa;5:10;Pop;20/11/2007
The Old Road;Dua Lipa;5:30;Dance;11/02/2011
Golden Dream;Dua Lipa;8:00;Pop, Dance;11/08/2013
Midnight Sky of Night;Dua Lipa;4:40;Dance;15/12/1992
The Electric Dream;Lady Gaga;6:00;Pop, Dance;01/02/1970
Golden River;Lady Gaga;6:40;Dance;14/02/2003
Lonely Road;Lady Gaga;5:00;Pop;06/01/1968
The Lost Echo;Lady Gaga;3:50;Dance;09/09/2009
Whispering Stars;Lady Gaga;7:10;Pop;22/02/1997
Sweet Sound;Lady Gaga;4:10;Dance;03/05/1983
Broken Sky;Lady Gaga;4:00;Pop;13/01/1984
The New Stars;Lady Gaga;5:10;Dance;28/02/1968
Bright Night;Lady Gaga;7:40;Pop, Dance;12/09/1981
Burning Heart of Night;Lady Gaga;5:20;Dance;14/02/2001
The Lonely Stars;Ariana Grande;5:10;Pop, R&B;09/09/2015
Sweet River;Ariana Grande;6:20;R&B;30/03/1970
The Old Sound;Ariana Grande;4:00;Pop;24/02/1965
Bright Sky;Ariana Grande;8:00;R&B;14/11/1976
Lost Road of Shadow;Ariana Grande;5:20;Pop;23/10/1998
Silent Dream;Ariana Grande;5:00;R&B;10/01/1984
Whispering Heart;Ariana Grande;5:20;Pop;04/10/1964
Broken Fire;Ariana Grande;6:10;R&B;23/12/2009
The New Sound;Ariana Grande;4:10;Pop, R&B;03/09/1985
Burning Stars of Night;Ariana Grande;7:40;R&B;13/03/2020
The Wild Dream;Post Malone;5:00;Hip Hop, Pop;01/09/1985
Midnight Sky;Post Malone;4:00;R&B;09/10/1988
Lonely Lights;Post Malone;5:50;Hip Hop;28/07/2005
The Lost Road;Post Malone;7:00;Pop;28/09/2020
Burning Fire;Post Malone;4:40;R&B;06/07/1964
Sweet River;Post Malone;3:20;Hip Hop;24/02/1984
The Silent Sound;Post Malone;6:30;Pop;26/02/1973
Dark Echo;Post Malone;5:30;R&B;23/10/2002
Bright Night;Post Malone;4:50;Hip Hop, Pop;14/07/1995
Golden Heart of Sound;Post Malone;6:00;R&B;23/02/2006
The Electric Heart;Imagine Dragons;5:30;Alternative, Pop Rock;12/02/1989
Golden River;Imagine Dragons;6:10;Pop Rock;17/08/2023
Lonely Road;Imagine Dragons;4:30;Alternative;17/10/2002
The Lost Echo;Imagine Dragons;3:20;Pop Rock;04/02/2004
Whispering Stars;Imagine Dragons;6:40;Alternative;28/02/1968
Sweet Sound;Imagine Dragons;3:40;Pop Rock;05/02/1985
Broken Sky;Imagine Dragons;3:30;Alternative;21/01/1978
The New Stars;Imagine Dragons;4:40;Pop Rock;08/10/2002
Bright Night;Imagine Dragons;7:10;Alternative, Pop Rock;17/11/1998
Burning Heart of Night;Imagine Dragons;4:50;Pop Rock;03/09/1983
The Golden Night;Vintage Culture;4:30;Deep House, Electronic;30/11/2016
Whispering Dream;Vintage Culture;8:00;Electronic;07/11/1974
Lonely Stars;Vintage Culture;5:50;Deep House;07/04/1962
The Silent Road;Vintage Culture;8:00;Electronic;10/04/2012
Lost Fire;Vintage Culture;3:40;Deep House;10/12/1965
Midnight Echo;Vintage Culture;4:40;Electronic;21/03/1967
Sweet River;Vintage Culture;3:30;Deep House;17/04/2003
Broken Sound;Vintage Culture;5:10;Electronic;29/07/1990
The Bright Sky;Vintage Culture;6:10;Deep House, Electronic;10/11/2003
Burning Road;Vintage Culture;7:40;Electronic;05/01/1972
The Wild Sound;Swedish House Mafia;5:10;EDM, Progressive House;06/03/1970
Midnight Heart;Swedish House Mafia;4:20;Progressive House;27/01/1991
Lonely Dream;Swedish House Mafia;6:00;EDM;01/05/1986
The Lost Sky;Swedish House Mafia;7:10;Progressive House;23/12/2014
Burning Lights;Swedish House Mafia;4:50;EDM;01/10/2022
Sweet River;Swedish House Mafia;3:40;Progressive House;23/07/1960
The Old Sky;Swedish House Mafia;6:10;EDM;04/09/2020
Dancing Stars;Swedish House Mafia;5:20;Progressive House;13/06/1969
The Bright Sky;Swedish House Mafia;4:20;EDM, Progressive House;02/11/1994
Golden Echo of Love;Swedish House Mafia;7:50;Progressive House;18/07/1971
The Sweet Sound;Tiësto;4:10;Trance, EDM;01/02/1992
Silent Night;Tiësto;5:00;EDM;31/05/1991
Lonely Heart of Sky;Tiësto;5:50;Trance;21/10/1970
The Lost River;Tiësto;5:20;EDM;06/03/2024
Bright Lights;Tiësto;5:30;Trance;14/12/2015
Whispering Echo;Tiësto;7:10;EDM;20/05/2007
Burning Stars;Tiësto;5:10;Trance;05/04/1962
The Old Road;Tiësto;5:30;EDM;09/01/1981
Golden Dream;Tiësto;8:00;Trance, EDM;21/06/1996
Midnight Sky of Night;Tiësto;4:40;EDM;10/06/1996
The Electric Dream;Calvin Harris;6:00;EDM, Dance-Pop;26/07/1990
Golden River;Calvin Harris;6:40;Dance-Pop;23/04/2015
Lonely Road;Calvin Harris;5:00;EDM;11/10/1980
The Lost Echo;Calvin Harris;13:02;Dance-Pop;04/11/1974
Whispering Stars;Calvin Harris;7:10;EDM;29/03/1964
Sweet Sound;Calvin Harris;4:10;Dance-Pop;29/06/2001
Broken Sky;Calvin Harris;4:00;EDM;13/12/2011
The New Stars;Calvin Harris;5:10;Dance-Pop;31/03/2011
Bright Night;Calvin Harris;7:40;EDM, Dance-Pop;17/01/2005
Burning Heart of Night;Calvin Harris;5:20;Dance-Pop;28/11/1980
The Lonely Stars;Avicii;5:10;EDM, House;20/05/1962
Sweet River;Avicii;6:20;House;23/10/2013
The Old Sound;Avicii;4:00;EDM;24/02/1994
Bright Sky;Avicii;8:00;House;10/05/1966
Lost Road of Shadow;Avicii;5:20;EDM;18/03/1989
Silent Dream;Avicii;5:00;House;02/02/1965
Whispering Heart;Avicii;5:20;EDM;10/03/2018
Broken Fire;Avicii;6:10;House;19/11/1980
The New Sound;Avicii;4:10;EDM, House;18/12/1971
Burning Stars of Night;Avicii;7:40;House;01/06/2017